id,title,guest_name,episode_number,publish_date,duration_formatted,mp3_url,filename,has_transcript
1,Real Estate Insights for 2026 • Monday Market Minute ‭• Carrie McCormick,Carrie McCormick,,2026-01-26,0:25:48,https://media.blubrry.com/keepingitrealpod/content.blubrry.com/keepingitrealpod/e711_kir_carrie_mccormick.mp3,2026-01-26_item1_Carrie-McCormick.mp3,False
2,The Gift Of Desperation • Kristee Leonard,Kristee Leonard,,2026-01-22,0:52:43,https://media.blubrry.com/keepingitrealpod/content.blubrry.com/keepingitrealpod/e710_kir_kristee_leonard.mp3,2026-01-22_item2_Kristee-Leonard.mp3,False
3,Best Offer Wins • Marisa Kashino,Marisa Kashino,,2026-01-21,0:50:16,https://media.blubrry.com/keepingitrealpod/content.blubrry.com/keepingitrealpod/e709_kir_marisa_kashino.mp3,2026-01-21_item3_Marisa-Kashino.mp3,False
4,Using AI to Assist With Negotiation • Tim Burrell,Tim Burrell,,2026-01-05,0:46:31,https://media.blubrry.com/keepingitrealpod/content.blubrry.com/keepingitrealpod/e708_kir_tim_burrell.mp3,2026-01-05_item4_Tim-Burrell.mp3,False
5,Gratitude is the Ultimate Mindset • Connie Mahan,Connie Mahan,,2025-12-30,0:45:53,https://media.blubrry.com/keepingitrealpod/content.blubrry.com/keepingitrealpod/e707_kir_connie_mahan.mp3,2025-12-30_item5_Connie-Mahan.mp3,False
6,Should We Ditch NAR in 2026? • Unpopular Real Estate Opinions • Chris Linsell,Chris Linsell,,2025-12-22,0:43:55,https://media.blubrry.com/keepingitrealpod/content.blubrry.com/keepingitrealpod/e706_kir_chris_linsell.mp3,2025-12-22_item6_Chris-Linsell.mp3,False
7,When Everything Feels Like an Attack • The Inner Game of Real Estate Success • Paul Salter,Paul Salter,,2025-12-18,0:29:41,https://media.blubrry.com/keepingitrealpod/content.blubrry.com/keepingitrealpod/e705_kir_paul_salter.mp3,2025-12-18_item7_Paul-Salter.mp3,False
8,The Journey From Corporate America To Top 1% Real Estate • Michael Thornton,Michael Thornton,,2025-12-16,0:57:17,https://media.blubrry.com/keepingitrealpod/content.blubrry.com/keepingitrealpod/e704_kir_michael_thornton.mp3,2025-12-16_item8_Michael-Thornton.mp3,False
9,40 Years Of Wisdom & Warmth • Jay Cannone,Jay Cannone,,2025-12-15,1:00:28,https://media.blubrry.com/keepingitrealpod/content.blubrry.com/keepingitrealpod/e703_kir_jay_cannone.mp3,2025-12-15_item9_Jay-Cannone.mp3,False
10,The Must-Make Videos for Real Estate Pros in 2026 • Video Boot Camp for Real Estate Professionals • Kim Rittberg,Kim Rittberg,,2025-12-12,0:09:51,https://media.blubrry.com/keepingitrealpod/content.blubrry.com/keepingitrealpod/e702_kir_kim_rittberg.mp3,2025-12-12_item10_Kim-Rittberg.mp3,False
11,From Division 1 Soccer To 40M in Year Six • Bari Mill,Bari Mill,,2025-12-10,0:51:20,https://media.blubrry.com/keepingitrealpod/content.blubrry.com/keepingitrealpod/e701_kir_bari_mill.mp3,2025-12-10_item11_Bari-Mill.mp3,False
12,90 Referrals Each Year & Converting Motels Into Homes • Karina Chavez,Karina Chavez,,2025-12-09,0:45:09,https://media.blubrry.com/keepingitrealpod/content.blubrry.com/keepingitrealpod/e700_kir_karina_chavez.mp3,2025-12-09_item12_Karina-Chavez.mp3,False
13,Try Out D.J.’s Listing Rewriter – Get More Showings! • D.J. Paris,D.J. Paris,,2025-12-08,0:09:57,https://media.blubrry.com/keepingitrealpod/content.blubrry.com/keepingitrealpod/e699_kir_dj_paris.mp3,2025-12-08_item13_D.J.-Paris.mp3,False
14,How To Crush December And Pull Ahead Of Competition • The Inner Game of Real Estate Success • Paul Salter,Paul Salter,,2025-12-04,0:28:35,https://media.blubrry.com/keepingitrealpod/content.blubrry.com/keepingitrealpod/e698_kir_paul_salter.mp3,2025-12-04_item14_Paul-Salter.mp3,False
15,The Courage To Be Authentic • Garrett Maroon,Garrett Maroon,,2025-11-26,0:58:39,https://media.blubrry.com/keepingitrealpod/content.blubrry.com/keepingitrealpod/e697_kir_garrett_maroon.mp3,2025-11-26_item15_Garrett-Maroon.mp3,False
16,Working With Luxury Developers • Jill Preschel,Jill Preschel,,2025-11-21,0:54:01,https://media.blubrry.com/keepingitrealpod/content.blubrry.com/keepingitrealpod/e696_kir_jill_preschel.mp3,2025-11-21_item16_Jill-Preschel.mp3,False
17,Your AI Real Estate Coach • Courtney Poulos,Courtney Poulos,,2025-11-20,1:17:19,https://media.blubrry.com/keepingitrealpod/content.blubrry.com/keepingitrealpod/e695_kir_courtney_poulos.mp3,2025-11-20_item17_Courtney-Poulos.mp3,False
18,Tech Expert and Top 1% Producer • Jeff Biebuyck,Jeff Biebuyck,,2025-11-19,0:58:24,https://media.blubrry.com/keepingitrealpod/content.blubrry.com/keepingitrealpod/e694_kir_jeff_biebuyck.mp3,2025-11-19_item18_Jeff-Biebuyck.mp3,False
19,The Importance Of Always Adding Value • Eithan Davidov,Eithan Davidov,,2025-11-18,0:50:27,https://media.blubrry.com/keepingitrealpod/content.blubrry.com/keepingitrealpod/e693_kir_eithan_davidov.mp3,2025-11-18_item19_Eithan-Davidov.mp3,False
20,3 Things That Hold You Back From Creating Video • Video Boot Camp for Real Estate Professionals • Kim Rittberg,Kim Rittberg,,2025-11-14,0:12:26,https://media.blubrry.com/keepingitrealpod/content.blubrry.com/keepingitrealpod/e692_kir_kim_rittberg.mp3,2025-11-14_item20_Kim-Rittberg.mp3,False
21,What if “balance” isn’t the goal—but the problem? • The Inner Game of Real Estate Success • Paul Salter,Paul Salter,,2025-10-30,0:29:02,https://media.blubrry.com/keepingitrealpod/content.blubrry.com/keepingitrealpod/e691_kir_paul_salter.mp3,2025-10-30_item21_Paul-Salter.mp3,False
22,Here’s What To Do Before The Holiday Season • Monday Market Minute ‭• Carrie McCormick,Carrie McCormick,,2025-10-29,0:20:26,https://media.blubrry.com/keepingitrealpod/content.blubrry.com/keepingitrealpod/e690_kir_carrie_mccormick.mp3,2025-10-29_item22_Carrie-McCormick.mp3,False
23,AI Prompt Generator For Agents • D.J. Paris,D.J. Paris,,2025-10-28,0:16:24,https://media.blubrry.com/keepingitrealpod/content.blubrry.com/keepingitrealpod/e689_kir_dj_paris.mp3,2025-10-28_item23_D.J.-Paris.mp3,False
24,What To Know About Compass Buying Anywhere • Unpopular Real Estate Opinions • Chris Linsell,Chris Linsell,,2025-10-27,0:44:12,https://media.blubrry.com/keepingitrealpod/content.blubrry.com/keepingitrealpod/e688_kir_chris_linsell.mp3,2025-10-27_item24_Chris-Linsell.mp3,False
25,From Home Depot to $2 Billion in Real Estate • Chase Craig,Chase Craig,,2025-10-24,1:06:59,https://media.blubrry.com/keepingitrealpod/content.blubrry.com/keepingitrealpod/e687_kir_chase_craig.mp3,2025-10-24_item25_Chase-Craig.mp3,False
26,How To Develop Trust With Clients • Scott Spelker,Scott Spelker,,2025-10-22,0:58:15,https://media.blubrry.com/keepingitrealpod/content.blubrry.com/keepingitrealpod/e686_kir_scott_spelker.mp3,2025-10-22_item26_Scott-Spelker.mp3,False
27,"Starting Small, Growing Big: Real Estate Marketing on Social • Better Your Business With Ben • Ben Lalez",Ben Lalez,,2025-10-16,0:44:21,https://media.blubrry.com/keepingitrealpod/content.blubrry.com/keepingitrealpod/e685_kir_ben_lalez.mp3,2025-10-16_item27_Ben-Lalez.mp3,False
28,AI: The Right Tool at the Right Time • Video Boot Camp for Real Estate Professionals • Kim Rittberg,Kim Rittberg,,2025-10-15,0:10:34,https://media.blubrry.com/keepingitrealpod/content.blubrry.com/keepingitrealpod/e684_kir_kim_rittberg.mp3,2025-10-15_item28_Kim-Rittberg.mp3,False
29,Why You Always Need An Item Of Value • Loodmy Jacques,Loodmy Jacques,,2025-10-13,0:55:02,https://media.blubrry.com/keepingitrealpod/content.blubrry.com/keepingitrealpod/e683_kir_loodmy_jacques.mp3,2025-10-13_item29_Loodmy-Jacques.mp3,False
30,What Is Your Real Estate Brand? • Crystal Tran,Crystal Tran,,2025-10-10,1:03:05,https://media.blubrry.com/keepingitrealpod/content.blubrry.com/keepingitrealpod/e682_kir_crystal_tran.mp3,2025-10-10_item30_Crystal-Tran.mp3,False
31,How To Position Yourself As The Mayor Of The Town • Video Boot Camp for Real Estate Professionals • Kim Rittberg,Kim Rittberg,,2025-09-30,0:11:47,https://media.blubrry.com/keepingitrealpod/content.blubrry.com/keepingitrealpod/e681_kir_kim_rittberg.mp3,2025-09-30_item31_Kim-Rittberg.mp3,False
32,Knocking On Doors • Ben Bacal,Ben Bacal,,2025-09-26,0:54:29,https://media.blubrry.com/keepingitrealpod/content.blubrry.com/keepingitrealpod/e680_kir_ben_bacal.mp3,2025-09-26_item32_Ben-Bacal.mp3,False
33,Mastering Detachment: Thriving Through Uncertainty Without Emotional Burnout • The Inner Game of Real Estate Success • Paul Salter,Paul Salter,,2025-09-25,0:31:09,https://media.blubrry.com/keepingitrealpod/content.blubrry.com/keepingitrealpod/e679_kir_paul_salter.mp3,2025-09-25_item33_Paul-Salter.mp3,False
34,Why You Need An Assistant Right Now • Jarret Jarvis,Jarret Jarvis,,2025-09-24,0:53:34,https://media.blubrry.com/keepingitrealpod/content.blubrry.com/keepingitrealpod/e677_kir_jarret_jarvis.mp3,2025-09-24_item34_Jarret-Jarvis.mp3,False
35,How To Supercharge Your Real Estate ChatGPT Queries • D.J. Paris,D.J. Paris,,2025-09-18,1:18:36,https://media.blubrry.com/keepingitrealpod/content.blubrry.com/keepingitrealpod/e678_kir_dj_paris.mp3,2025-09-18_item35_D.J.-Paris.mp3,False
36,Communication Tactics Spies Use To Close Deals • Jeremy Hurewitz,Jeremy Hurewitz,,2025-09-10,0:50:10,https://media.blubrry.com/keepingitrealpod/content.blubrry.com/keepingitrealpod/e676_kir_jeremy_hurewitz.mp3,2025-09-10_item36_Jeremy-Hurewitz.mp3,False
37,How To Stop Having Broke Months • Dan Rochon,Dan Rochon,,2025-09-05,0:57:43,https://media.blubrry.com/keepingitrealpod/content.blubrry.com/keepingitrealpod/e675_kir_dan_rochon.mp3,2025-09-05_item37_Dan-Rochon.mp3,False
38,How To Scale Your Real Estate Business • Lauren Duke,Lauren Duke,,2025-08-29,0:47:34,https://media.blubrry.com/keepingitrealpod/content.blubrry.com/keepingitrealpod/e674_kir_lauren_duke.mp3,2025-08-29_item38_Lauren-Duke.mp3,False
39,Are you settling for “good enough?” • The Inner Game of Real Estate Success • Paul Salter,Paul Salter,,2025-08-28,0:27:04,https://media.blubrry.com/keepingitrealpod/content.blubrry.com/keepingitrealpod/e673_kir_paul_salter.mp3,2025-08-28_item39_Paul-Salter.mp3,False
40,Mortgage Rates At Their Lowest In 2025! • Learn With A Lender • Christian Bachelder,Christian Bachelder,,2025-08-27,0:35:03,https://media.blubrry.com/keepingitrealpod/content.blubrry.com/keepingitrealpod/e672_kir_christian_bachelder.mp3,2025-08-27_item40_Christian-Bachelder.mp3,False
41,Why We’re Actually In A Buyer’s (Not Seller’s) Market Right Now • Unpopular Real Estate Opinions • Chris Linsell,Chris Linsell,,2025-08-26,0:49:03,https://media.blubrry.com/keepingitrealpod/content.blubrry.com/keepingitrealpod/e671_kir_chris_linsell.mp3,2025-08-26_item41_Chris-Linsell.mp3,False
42,Why Agents Need To Be Posting On YouTube • Sarah Maslowski,Sarah Maslowski,,2025-08-25,0:53:18,https://media.blubrry.com/keepingitrealpod/content.blubrry.com/keepingitrealpod/e670_kir_sarah_maslowski.mp3,2025-08-25_item42_Sarah-Maslowski.mp3,False
43,Why Working For Developers Is The Way • Lou Adler,Lou Adler,,2025-08-22,0:51:15,https://media.blubrry.com/keepingitrealpod/content.blubrry.com/keepingitrealpod/e669_kir_lou_adler.mp3,2025-08-22_item43_Lou-Adler.mp3,False
44,How To Be Seen As A Thought Leader In Your Industry • Video Boot Camp for Real Estate Professionals • Kim Rittberg,Kim Rittberg,,2025-08-21,0:11:56,https://media.blubrry.com/keepingitrealpod/content.blubrry.com/keepingitrealpod/e668_kir_kim_rittberg.mp3,2025-08-21_item44_Kim-Rittberg.mp3,False
45,Will A.I. Replace Real Estate Agents? • Better Your Business With Ben • Ben Lalez,Ben Lalez,,2025-08-19,0:43:10,https://media.blubrry.com/keepingitrealpod/content.blubrry.com/keepingitrealpod/e667_kir_ben_lalez.mp3,2025-08-19_item45_Ben-Lalez.mp3,False
46,How To Deepen Relationships With Clients • Ryan Bruen,Ryan Bruen,,2025-08-14,1:03:34,https://media.blubrry.com/keepingitrealpod/content.blubrry.com/keepingitrealpod/e666_kir_ryan_bruen.mp3,2025-08-14_item46_Ryan-Bruen.mp3,False
47,The Holistic Real Estate Agent • Dan Ihara,Dan Ihara,,2025-08-08,0:48:18,https://media.blubrry.com/keepingitrealpod/content.blubrry.com/keepingitrealpod/e665_kir_dan_ihara.mp3,2025-08-08_item47_Dan-Ihara.mp3,False
48,How To Identify And Fix Destructive Mindset Programs • The Inner Game of Real Estate Success • Paul Salter,Paul Salter,,2025-07-31,0:43:39,https://media.blubrry.com/keepingitrealpod/content.blubrry.com/keepingitrealpod/e664_kir_paul_salter.mp3,2025-07-31_item48_Paul-Salter.mp3,False
49,Should You Expand Your Geographic Service Area? • Monday Market Minute ‭• Carrie McCormick,Carrie McCormick,,2025-07-28,0:19:38,https://media.blubrry.com/keepingitrealpod/content.blubrry.com/keepingitrealpod/e663_kir_carrie_mccormick.mp3,2025-07-28_item49_Carrie-McCormick.mp3,False
50,Creative Lending Strategies To Keep Your Money Working For You • Learn With A Lender • Christian Bachelder,Christian Bachelder,,2025-07-25,0:33:44,https://media.blubrry.com/keepingitrealpod/content.blubrry.com/keepingitrealpod/e662_kir_christian_bachelder.mp3,2025-07-25_item50_Christian-Bachelder.mp3,False
51,How Realtors Can Improve Their Communication With Simple Tweaks • Kamryn Reynolds,Kamryn Reynolds,,2025-07-18,0:54:50,https://media.blubrry.com/keepingitrealpod/content.blubrry.com/keepingitrealpod/e661_kir_kamryn_reynolds.mp3,2025-07-18_item51_Kamryn-Reynolds.mp3,False
52,How Real Estate Agents Can Be Featured In The Press • Video Boot Camp for Real Estate Professionals • Kim Rittberg,Kim Rittberg,,2025-07-17,0:29:33,https://media.blubrry.com/keepingitrealpod/content.blubrry.com/keepingitrealpod/e660_kir_kim_rittberg.mp3,2025-07-17_item52_Kim-Rittberg.mp3,False
53,How A Top NYC Agent Started In Luxury • Lisa K. Lippman,Lisa K. Lippman,,2025-06-30,0:55:10,https://media.blubrry.com/keepingitrealpod/content.blubrry.com/keepingitrealpod/e659_kir_lisa_lippman.mp3,2025-06-30_item53_Lisa-K.-Lippman.mp3,False
54,Compass Vs Zillow – What Is The Lawsuit All About? • Unpopular Real Estate Opinions • Chris Linsell,Chris Linsell,,2025-06-27,0:47:30,https://media.blubrry.com/keepingitrealpod/content.blubrry.com/keepingitrealpod/e658_kir_chris_linsell.mp3,2025-06-27_item54_Chris-Linsell.mp3,False
55,How To Fix Your Upper Limit Problem • The Inner Game of Real Estate Success • Paul Salter,Paul Salter,,2025-06-26,0:37:07,https://media.blubrry.com/keepingitrealpod/content.blubrry.com/keepingitrealpod/e657_kir_paul_salter.mp3,2025-06-26_item55_Paul-Salter.mp3,False
56,Are Rates Too High To Buy Right Now? • Learn With A Lender • Christian Bachelder,Christian Bachelder,,2025-06-25,0:35:26,https://media.blubrry.com/keepingitrealpod/content.blubrry.com/keepingitrealpod/e656_kir_christian_bachelder.mp3,2025-06-25_item56_Christian-Bachelder.mp3,False
57,How To Showcase To Clients You Are The Right Agent To Work With  • Video Boot Camp for Real Estate Professionals • Kim Rittberg,Kim Rittberg,,2025-06-24,0:12:37,https://media.blubrry.com/keepingitrealpod/content.blubrry.com/keepingitrealpod/e655_kir_kim_rittberg.mp3,2025-06-24_item57_Kim-Rittberg.mp3,False
58,Open House Secrets Of Top 1% Agents • Mary-Lou Dingman,Mary-Lou Dingman,,2025-06-12,0:56:51,https://media.blubrry.com/keepingitrealpod/content.blubrry.com/keepingitrealpod/e654_kir_marylou_dingman.mp3,2025-06-12_item58_Mary-Lou-Dingman.mp3,False
59,A Top 1% Agent’s Daily Routine • Amy Duong Kim,Amy Duong Kim,,2025-06-10,0:53:38,https://media.blubrry.com/keepingitrealpod/content.blubrry.com/keepingitrealpod/e653_kir_amy_duong_kim.mp3,2025-06-10_item59_Amy-Duong-Kim.mp3,False
60,The Follow Up Strategies Of Top Producers • Better Your Business With Ben • Ben Lalez,Ben Lalez,,2025-06-05,0:35:53,https://media.blubrry.com/keepingitrealpod/content.blubrry.com/keepingitrealpod/e652_kir_ben_lalez.mp3,2025-06-05_item60_Ben-Lalez.mp3,False
61,Lending Products Every Real Estate Agent Needs To Know • Learn With A Lender • Christian Bachelder,Christian Bachelder,,2025-05-30,0:29:51,https://media.blubrry.com/keepingitrealpod/content.blubrry.com/keepingitrealpod/e651_kir_christian_bachelder.mp3,2025-05-30_item61_Christian-Bachelder.mp3,False
62,Priming Your Mind With Paul Salter • The Inner Game of Real Estate Success • Paul Salter,Paul Salter,,2025-05-29,0:29:49,https://media.blubrry.com/keepingitrealpod/content.blubrry.com/keepingitrealpod/e650_kir_paul_salter.mp3,2025-05-29_item62_Paul-Salter.mp3,False
63,What Content To Make When The Market Is Uncertain • Video Boot Camp for Real Estate Professionals • Kim Rittberg,Kim Rittberg,,2025-05-28,0:13:18,https://media.blubrry.com/keepingitrealpod/content.blubrry.com/keepingitrealpod/e649_kir_kim_rittberg.mp3,2025-05-28_item63_Kim-Rittberg.mp3,False
64,Private Listing Network – Should You Use It? • Unpopular Real Estate Opinions • Chris Linsell,Chris Linsell,,2025-05-28,0:38:43,https://media.blubrry.com/keepingitrealpod/content.blubrry.com/keepingitrealpod/e648_kir_chris_linsell.mp3,2025-05-28_item64_Chris-Linsell.mp3,False
65,The Key To Your Next 100k In Income • Matt Miale,Matt Miale,,2025-05-26,1:09:48,https://media.blubrry.com/keepingitrealpod/content.blubrry.com/keepingitrealpod/e647_kir_matt_miale.mp3,2025-05-26_item65_Matt-Miale.mp3,False
66,‭How To Generate More Luxury Real Estate Business • Monday Market Minute ‭• Carrie McCormick,Carrie McCormick,,2025-05-19,0:24:38,https://media.blubrry.com/keepingitrealpod/content.blubrry.com/keepingitrealpod/e646_kir_carrie_mccormick.mp3,2025-05-19_item66_Carrie-McCormick.mp3,False
67,Financial Strategies For Real Estate Agents • Brandon Green,Brandon Green,,2025-05-16,0:59:35,https://media.blubrry.com/keepingitrealpod/content.blubrry.com/keepingitrealpod/e645_kir_brandon_green.mp3,2025-05-16_item67_Brandon-Green.mp3,False
68,Three Traps Real Estate Agents Must Avoid • Shawn Kunkler,Shawn Kunkler,,2025-05-15,1:04:52,https://media.blubrry.com/keepingitrealpod/content.blubrry.com/keepingitrealpod/e644_kir_shawn_kunkler.mp3,2025-05-15_item68_Shawn-Kunkler.mp3,False
69,Three Social Media Videos You Should Make Today • Kim Rittberg,Kim Rittberg,,2025-04-30,,https://media.blubrry.com/keepingitrealpod/content.blubrry.com/keepingitrealpod/e643_kir_kim_rittberg.mp3,2025-04-30_item69_Kim-Rittberg.mp3,False
70,How Tariffs & Political Events Affect Home Loan Rates • Learn With A Lender • Christian Bachelder,Christian Bachelder,,2025-04-29,0:47:49,https://media.blubrry.com/keepingitrealpod/content.blubrry.com/keepingitrealpod/e642_kir_christian_bachelder.mp3,2025-04-29_item70_Christian-Bachelder.mp3,False
71,How To Get Out Of Your Own Way – Mindset • Paul Salter,Paul Salter,,2025-04-28,0:57:56,https://media.blubrry.com/keepingitrealpod/content.blubrry.com/keepingitrealpod/e641_kir_paul_salter.mp3,2025-04-28_item71_Paul-Salter.mp3,False
72,What Do Developers Look For When Choosing A Real Estate Agent? • Carrie McCormick,Carrie McCormick,,2025-04-25,0:45:58,https://media.blubrry.com/keepingitrealpod/content.blubrry.com/keepingitrealpod/e640_kir_carrie_mccormick.mp3,2025-04-25_item72_Carrie-McCormick.mp3,False
73,Why Every Real Estate Agent Needs A Joy Audit • Lindsay Dreyer,Lindsay Dreyer,,2025-04-24,0:50:39,https://media.blubrry.com/keepingitrealpod/content.blubrry.com/keepingitrealpod/e639_kir_lindsay_dreyer.mp3,2025-04-24_item73_Lindsay-Dreyer.mp3,False
74,Live Coaching Session With Brent Scott & Kiki Parmar • The Agent Wheel,The Agent Wheel,,2025-04-23,1:02:24,https://media.blubrry.com/keepingitrealpod/content.blubrry.com/keepingitrealpod/e638_kir_brent_scott.mp3,2025-04-23_item74_The-Agent-Wheel.mp3,False
75,How To Beat Facebook & Instagram Algorithm For More Real Estate Leads • Rachel Adams Lee,Rachel Adams Lee,,2025-04-18,0:54:42,https://media.blubrry.com/keepingitrealpod/content.blubrry.com/keepingitrealpod/e637_kir_rachel_adams_lee.mp3,2025-04-18_item75_Rachel-Adams-Lee.mp3,False
76,How To Use ChatGPT To Make Better Videos • Video Boot Camp for Real Estate Professionals • Kim Rittberg,Kim Rittberg,,2025-04-17,0:14:36,https://media.blubrry.com/keepingitrealpod/content.blubrry.com/keepingitrealpod/e636_kir_kim_rittberg.mp3,2025-04-17_item76_Kim-Rittberg.mp3,False
77,Breaking News From NAR – Changes To Clear Cooperation • Unpopular Real Estate Opinions • Chris Linsell,Chris Linsell,,2025-04-04,0:48:17,https://media.blubrry.com/keepingitrealpod/content.blubrry.com/keepingitrealpod/e635_kir_chris_linsell.mp3,2025-04-04_item77_Chris-Linsell.mp3,False
78,How To Have Mega Open Houses • Zach Geisendorfer,Zach Geisendorfer,,2025-04-02,1:09:10,https://media.blubrry.com/keepingitrealpod/content.blubrry.com/keepingitrealpod/e634_kir_zach_geisendorfer.mp3,2025-04-02_item78_Zach-Geisendorfer.mp3,False
79,How To Find Real Estate Client Opportunities EVERYWHERE • Better Your Business With Ben • Ben Lalez,Ben Lalez,,2025-03-28,0:37:50,https://media.blubrry.com/keepingitrealpod/content.blubrry.com/keepingitrealpod/e633_kir_ben_lalez.mp3,2025-03-28_item79_Ben-Lalez.mp3,False
80,Buy A Property Every Single Year • Learn With A Lender • Christian Bachelder,Christian Bachelder,,2025-03-27,0:40:37,https://media.blubrry.com/keepingitrealpod/content.blubrry.com/keepingitrealpod/e632_kir_christian_bachelder.mp3,2025-03-27_item80_Christian-Bachelder.mp3,False
81,Social Media Videos You Can Make RIGHT NOW • Kim Rittberg,Kim Rittberg,,2025-03-21,1:02:41,https://media.blubrry.com/keepingitrealpod/content.blubrry.com/keepingitrealpod/e631_kir_kim_rittberg.mp3,2025-03-21_item81_Kim-Rittberg.mp3,False
82,Live Coaching Session With Brent Scott & Melanie Miller • The Agent Wheel,The Agent Wheel,,2025-03-19,0:57:30,https://media.blubrry.com/keepingitrealpod/content.blubrry.com/keepingitrealpod/e630_kir_brent_scott.mp3,2025-03-19_item82_The-Agent-Wheel.mp3,False
83,How A +100M Producer Kills It In Low Inventory & High Rate Market • Danielle Dowell,Danielle Dowell,,2025-03-17,0:39:44,https://media.blubrry.com/keepingitrealpod/content.blubrry.com/keepingitrealpod/e629_kir_danielle_dowell.mp3,2025-03-17_item83_Danielle-Dowell.mp3,False
84,How To Set Goals Around Social Media Video • Video Boot Camp for Real Estate Professionals • Kim Rittberg,Kim Rittberg,,2025-03-13,0:12:50,https://media.blubrry.com/keepingitrealpod/content.blubrry.com/keepingitrealpod/e628_kir_kim_rittberg.mp3,2025-03-13_item84_Kim-Rittberg.mp3,False
85,How To Help Your Buyer Win In Multiple Offer Bids • Better Your Business With Ben • Ben Lalez,Ben Lalez,,2025-02-28,0:30:11,https://media.blubrry.com/keepingitrealpod/content.blubrry.com/keepingitrealpod/e627_kir_ben_lalez.mp3,2025-02-28_item85_Ben-Lalez.mp3,False
86,The Importance Of Mindset For Real Estate Professionals • Athena Brownson,Athena Brownson,,2025-02-27,1:11:06,https://media.blubrry.com/keepingitrealpod/content.blubrry.com/keepingitrealpod/e626_kir_athena_brownson.mp3,2025-02-27_item86_Athena-Brownson.mp3,False
87,How Not To Seem Cheesy/Salesy In Videos • Video Boot Camp for Real Estate Professionals • Kim Rittberg,Kim Rittberg,,2025-02-26,0:13:15,https://media.blubrry.com/keepingitrealpod/content.blubrry.com/keepingitrealpod/e625_kir_kim_rittberg.mp3,2025-02-26_item87_Kim-Rittberg.mp3,False
88,Becoming #1 In Her Market In Just 10 Years • Lindsey Harn,Lindsey Harn,1,2025-02-22,1:05:13,https://media.blubrry.com/keepingitrealpod/content.blubrry.com/keepingitrealpod/e624_kir_lindsey_harn.mp3,2025-02-22_ep1_Lindsey-Harn.mp3,False
89,Why Top Real Estate Agents Tell Client NOT To Buy/Sell • Luke Jorwic,Luke Jorwic,,2025-02-21,0:45:11,https://media.blubrry.com/keepingitrealpod/content.blubrry.com/keepingitrealpod/e623_kir_luke_jorwic.mp3,2025-02-21_item89_Luke-Jorwic.mp3,False
90,How To Use LinkedIn To Get More Biz In 2025 • Jarred Talmadge,Jarred Talmadge,,2025-02-20,0:52:04,https://media.blubrry.com/keepingitrealpod/content.blubrry.com/keepingitrealpod/e622_kir_jarred_talmadge.mp3,2025-02-20_item90_Jarred-Talmadge.mp3,False
91,Is Commission Pressure Real? • Unpopular Real Estate Opinions • Chris Linsell,Chris Linsell,,2025-02-19,0:33:55,https://media.blubrry.com/keepingitrealpod/content.blubrry.com/keepingitrealpod/e621_kir_chris_linsell.mp3,2025-02-19_item91_Chris-Linsell.mp3,False
92,100+ Sales Per Year As A Solo Agent Only Three Years In Biz • Nick Harris,Nick Harris,,2025-02-14,1:18:12,https://media.blubrry.com/keepingitrealpod/content.blubrry.com/keepingitrealpod/e620_kir_nick_harris.mp3,2025-02-14_item92_Nick-Harris.mp3,False
93,February Webinar Announcement – Free For Listeners! • D.J. Paris,D.J. Paris,,2025-02-13,0:03:28,https://media.blubrry.com/keepingitrealpod/content.blubrry.com/keepingitrealpod/e619_kir_feb_seminar_announcement.mp3,2025-02-13_item93_D.J.-Paris.mp3,False
94,Save Hours On Every Transaction With A.I. • Better Your Business With Ben • Ben Lalez,Ben Lalez,,2025-01-31,0:33:35,https://media.blubrry.com/keepingitrealpod/content.blubrry.com/keepingitrealpod/e618_kir_ben_lalez.mp3,2025-01-31_item94_Ben-Lalez.mp3,False
95,How To Crush The Competition With Title Knowledge • Cassidy Ecklund,Cassidy Ecklund,,2025-01-31,0:39:33,https://media.blubrry.com/keepingitrealpod/content.blubrry.com/keepingitrealpod/e617_kir_cassidy_ecklund.mp3,2025-01-31_item95_Cassidy-Ecklund.mp3,False
96,How To Crush It On Video in 2025 • Kim Rittberg,Kim Rittberg,,2025-01-30,1:04:09,https://media.blubrry.com/keepingitrealpod/content.blubrry.com/keepingitrealpod/e616_kir_kim_rittberg.mp3,2025-01-30_item96_Kim-Rittberg.mp3,False
97,What Happens In A Real Estate Coaching Session? • Brent Scott,Brent Scott,,2025-01-29,0:56:18,https://media.blubrry.com/keepingitrealpod/content.blubrry.com/keepingitrealpod/e615_kir_brent_scott.mp3,2025-01-29_item97_Brent-Scott.mp3,False
98,290M in 2024 – How An Agent Had His Best Year In A Down Market • Greg Pekarsky,Greg Pekarsky,,2025-01-28,0:47:05,https://media.blubrry.com/keepingitrealpod/content.blubrry.com/keepingitrealpod/e614_kir_greg_pekarsky.mp3,2025-01-28_item98_Greg-Pekarsky.mp3,False
99,Meet The Agent Who Is Taking On N.A.R. • Lou Eytalis,Lou Eytalis,,2025-01-23,1:26:30,https://media.blubrry.com/keepingitrealpod/content.blubrry.com/keepingitrealpod/e613_kir_lou_eytalis.mp3,2025-01-23_item99_Lou-Eytalis.mp3,False
100,How to Start Showing Up & Stay on Camera • Video Boot Camp for Real Estate Professionals • Kim Rittberg,Kim Rittberg,,2025-01-22,0:12:26,https://media.blubrry.com/keepingitrealpod/content.blubrry.com/keepingitrealpod/e612_kir_kim_rittberg.mp3,2025-01-22_item100_Kim-Rittberg.mp3,False
101,Webinars Are The Path To More Business • Melanie Everett,Melanie Everett,,2025-01-20,0:50:23,https://media.blubrry.com/keepingitrealpod/content.blubrry.com/keepingitrealpod/e611_kir_melanie_everett.mp3,2025-01-20_item101_Melanie-Everett.mp3,False
102,TikTok Star & 30 Under 30 NAR Winner • Kina De Santis,Kina De Santis,,2024-12-30,0:53:50,https://media.blubrry.com/keepingitrealpod/content.blubrry.com/keepingitrealpod/e610_kir_kina_de_santis.mp3,2024-12-30_item102_Kina-De-Santis.mp3,False
103,Why EVERY Home Listing Needs Staging • Trisha Lee,Trisha Lee,,2024-12-27,0:51:02,https://media.blubrry.com/keepingitrealpod/content.blubrry.com/keepingitrealpod/e609_kir_trisha_lee.mp3,2024-12-27_item103_Trisha-Lee.mp3,False
104,Why Relationships Are Your Most Important Daily Activity,,,2024-12-27,0:54:52,https://media.blubrry.com/keepingitrealpod/content.blubrry.com/keepingitrealpod/e608_kir_mary_anne_gillespie.mp3,2024-12-27_item104_unknown-guest.mp3,False
105,How To Use AI To Make Better Content For Real Estate • Video Boot Camp for Real Estate Professionals • Kim Rittberg,Kim Rittberg,,2024-12-23,0:11:47,https://media.blubrry.com/keepingitrealpod/content.blubrry.com/keepingitrealpod/e607_kir_kim_rittberg.mp3,2024-12-23_item105_Kim-Rittberg.mp3,False
106,3 Videos You Can Make During The Holiday Season • Video Boot Camp for Real Estate Professionals • Kim Rittberg,Kim Rittberg,,2024-12-12,0:13:31,https://media.blubrry.com/keepingitrealpod/content.blubrry.com/keepingitrealpod/e606_kir_kim_rittberg.mp3,2024-12-12_item106_Kim-Rittberg.mp3,False
107,LIVE EVENT! The Blueprint to Become A Top Agent In 2025 • D.J. Paris,D.J. Paris,,2024-12-11,0:08:53,https://media.blubrry.com/keepingitrealpod/content.blubrry.com/keepingitrealpod/e605_kir_event_announcement.mp3,2024-12-11_item107_D.J.-Paris.mp3,False
108,How To Become An Top Producer In A Rural Market • Jenny Sommerlot,Jenny Sommerlot,,2024-12-05,0:58:34,https://media.blubrry.com/keepingitrealpod/content.blubrry.com/keepingitrealpod/e604_kir_jenny_sommerlot.mp3,2024-12-05_item108_Jenny-Sommerlot.mp3,False
109,The Top Authority On Residential Real Estate Trends • Jack Miller,Jack Miller,,2024-12-02,1:04:18,https://media.blubrry.com/keepingitrealpod/content.blubrry.com/keepingitrealpod/e603_kir_jack_miller.mp3,2024-12-02_item109_Jack-Miller.mp3,False
110,Tax Saving Secrets Of Top Real Estate Agents • Deni Baldwin,Deni Baldwin,,2024-11-27,0:55:03,https://media.blubrry.com/keepingitrealpod/content.blubrry.com/keepingitrealpod/e602_kir_deni_baldwin.mp3,2024-11-27_item110_Deni-Baldwin.mp3,False
111,How To Keep Getting Leads While You’re Eating Turkey During the Holidays • Video Boot Camp for Real Estate Professionals • Kim Rittberg,Kim Rittberg,,2024-11-25,0:13:23,https://media.blubrry.com/keepingitrealpod/content.blubrry.com/keepingitrealpod/e601_kir_kim_rittberg.mp3,2024-11-25_item111_Kim-Rittberg.mp3,False
112,How To Become The Preferred Real Estate Agent Of A Building Or Neighborhood • Gia Devenyi,Gia Devenyi,,2024-11-22,0:56:03,https://media.blubrry.com/keepingitrealpod/content.blubrry.com/keepingitrealpod/e600_kir_gia_devenyi.mp3,2024-11-22_item112_Gia-Devenyi.mp3,False
113,First Time Homebuyer Age Has Changed! • Unpopular Real Estate Opinions • Chris Linsell,Chris Linsell,,2024-11-21,0:40:23,https://media.blubrry.com/keepingitrealpod/content.blubrry.com/keepingitrealpod/e599_kir_chris_linsell.mp3,2024-11-21_item113_Chris-Linsell.mp3,False
114,Best Real Estate Social Media Practices for 2025 • Cole Jarvis,Cole Jarvis,,2024-11-15,1:02:32,https://media.blubrry.com/keepingitrealpod/content.blubrry.com/keepingitrealpod/e598_kir_cole_jarvis.mp3,2024-11-15_item114_Cole-Jarvis.mp3,False
115,What Agents Need To Understand About Hispanic Real Estate Clients • Ainhoa Garcia,Ainhoa Garcia,,2024-11-01,1:00:48,https://media.blubrry.com/keepingitrealpod/content.blubrry.com/keepingitrealpod/e597_kir_ainhoa_garcia.mp3,2024-11-01_item115_Ainhoa-Garcia.mp3,False
116,Over 500m In Real Estate Sold • Cindy Raney,Cindy Raney,,2024-10-31,0:47:18,https://media.blubrry.com/keepingitrealpod/content.blubrry.com/keepingitrealpod/e596_kir_cindy_raney.mp3,2024-10-31_item116_Cindy-Raney.mp3,False
117,How To Combine Your Passions & Real Estate • Brandon Doyle,Brandon Doyle,,2024-10-29,0:53:46,https://media.blubrry.com/keepingitrealpod/content.blubrry.com/keepingitrealpod/e595_kir_brandon_doyle.mp3,2024-10-29_item117_Brandon-Doyle.mp3,False
118,How Chicago’s Top Solo Agent Wins Listings • Monday Market Minute ‭• Carrie McCormick,Carrie McCormick,,2024-10-28,0:31:15,https://media.blubrry.com/keepingitrealpod/content.blubrry.com/keepingitrealpod/e594_kir_carrie_mccormick.mp3,2024-10-28_item118_Carrie-McCormick.mp3,False
119,How Agents Can Increase Their Speaking Confidence & Effectiveness • Linda Ugelow,Linda Ugelow,,2024-10-23,0:50:31,https://media.blubrry.com/keepingitrealpod/content.blubrry.com/keepingitrealpod/e593_kir_linda_ugelow.mp3,2024-10-23_item119_Linda-Ugelow.mp3,False
120,How To Convert Real Estate Leads Into Clients • Mitch Ribak,Mitch Ribak,,2024-10-18,0:56:58,https://media.blubrry.com/keepingitrealpod/content.blubrry.com/keepingitrealpod/e592_kir_mitch_ribak.mp3,2024-10-18_item120_Mitch-Ribak.mp3,False
121,From Broke To The Top Agent In The State In 4 Years • Austin Cheviron,Austin Cheviron,,2024-10-16,0:59:56,https://media.blubrry.com/keepingitrealpod/content.blubrry.com/keepingitrealpod/e591_kir_austin_cheviron.mp3,2024-10-16_item121_Austin-Cheviron.mp3,False
122,The One Video You Should Make To Generate Leads • Video Boot Camp for Real Estate Professionals • Kim Rittberg,Kim Rittberg,,2024-10-08,0:13:18,https://media.blubrry.com/keepingitrealpod/content.blubrry.com/keepingitrealpod/e590_kir_kim_rittberg.mp3,2024-10-08_item122_Kim-Rittberg.mp3,False
123,How To Convert Your Real Estate Video Content Into Commissions • Video Boot Camp for Real Estate Professionals • Kim Rittberg,Kim Rittberg,,2024-10-01,0:13:58,https://media.blubrry.com/keepingitrealpod/content.blubrry.com/keepingitrealpod/e589_kir_kim_rittberg.mp3,2024-10-01_item123_Kim-Rittberg.mp3,False
124,Why is N.A.R.’s Clear Cooperation Policy Under Fire? • Unpopular Real Estate Opinions • Chris Linsell,Chris Linsell,,2024-09-30,0:40:52,https://media.blubrry.com/keepingitrealpod/content.blubrry.com/keepingitrealpod/e588_kir_chris_linsell.mp3,2024-09-30_item124_Chris-Linsell.mp3,False
125,How To Work With Clients That Want To Buy Properties Outside The U.S. • Maximiliano Götz,Maximiliano Götz,,2024-09-24,0:50:24,https://media.blubrry.com/keepingitrealpod/content.blubrry.com/keepingitrealpod/e587_kir_max_gotz.mp3,2024-09-24_item125_Maximiliano-Götz.mp3,False
126,Why Showing Up On Camera Is More Important Than Ever Post NAR Settlement • Video Boot Camp for Real Estate Professionals • Kim Rittberg,Kim Rittberg,,2024-09-20,0:13:14,https://media.blubrry.com/keepingitrealpod/content.blubrry.com/keepingitrealpod/e586_kir_kim_rittberg.mp3,2024-09-20_item126_Kim-Rittberg.mp3,False
127,Making Videos About Other Agent Listings • Phil Wells,Phil Wells,,2024-09-19,1:16:59,https://media.blubrry.com/keepingitrealpod/content.blubrry.com/keepingitrealpod/e579_kir_phil_wells.mp3,2024-09-19_item127_Phil-Wells.mp3,False
128,Starting In Real Estate Later In Life • Julia Stauffer,Julia Stauffer,,2024-09-13,0:51:08,https://media.blubrry.com/keepingitrealpod/content.blubrry.com/keepingitrealpod/e584_kir_julia_stauffer.mp3,2024-09-13_item128_Julia-Stauffer.mp3,False
129,This Is More Important Than Social Media For Marketing! • Unpopular Real Estate Opinions • Chris Linsell,Chris Linsell,,2024-08-30,0:40:27,https://media.blubrry.com/keepingitrealpod/content.blubrry.com/keepingitrealpod/e583_kir_chris_linsell.mp3,2024-08-30_item129_Chris-Linsell.mp3,False
130,How To Transition From Dual Career To Full Time Agent • Ryan Overcash,Ryan Overcash,,2024-08-29,1:01:13,https://media.blubrry.com/keepingitrealpod/content.blubrry.com/keepingitrealpod/e582_kir_ryan_overcash.mp3,2024-08-29_item130_Ryan-Overcash.mp3,False
131,Why You Need An Accountability Partner • Video Boot Camp for Real Estate Professionals • Kim Rittberg,Kim Rittberg,,2024-08-28,0:08:53,https://media.blubrry.com/keepingitrealpod/content.blubrry.com/keepingitrealpod/e581_kir_kim_rittberg.mp3,2024-08-28_item131_Kim-Rittberg.mp3,False
132,How To Use Your Passions To Build Better Social Media Content • Instagram and Prospecting • Michelle Berman-Mikel,Instagram and Prospecting,,2024-08-27,0:18:09,https://media.blubrry.com/keepingitrealpod/content.blubrry.com/keepingitrealpod/e580_kir_michelle_berman.mp3,2024-08-27_item132_Instagram-and-Prospecting.mp3,False
133,What A Top 1% Agent Is Doing Post-Settlement To Keep Their Business Strong • Monday Market Minute ‭• Carrie McCormick,Carrie McCormick,,2024-08-26,0:19:23,https://media.blubrry.com/keepingitrealpod/content.blubrry.com/keepingitrealpod/e579_kir_carrie_mccormick.mp3,2024-08-26_item133_Carrie-McCormick.mp3,False
134,Mortgage Discrimination & How To Close The Homeownership Gap • Anna DeSimone,Anna DeSimone,,2024-08-23,1:12:54,https://media.blubrry.com/keepingitrealpod/content.blubrry.com/keepingitrealpod/e578_kir_anna_desimone.mp3,2024-08-23_item134_Anna-DeSimone.mp3,False
135,How To Generate Real Estate Leads On YouTube • Sam Caudle,Sam Caudle,,2024-08-20,1:00:41,https://media.blubrry.com/keepingitrealpod/content.blubrry.com/keepingitrealpod/e577_kir_sam_caudle.mp3,2024-08-20_item135_Sam-Caudle.mp3,False
136,Self-Growth Is The Key To More Real Estate Business • Dani Hampton,Dani Hampton,,2024-08-15,1:05:24,https://media.blubrry.com/keepingitrealpod/content.blubrry.com/keepingitrealpod/e576_kir_dani_hampton.mp3,2024-08-15_item136_Dani-Hampton.mp3,False
137,Does Rent Control Help or Hurt Tenants & Landlords? • Unpopular Real Estate Opinions • Chris Linsell,Chris Linsell,,2024-07-31,0:41:27,https://media.blubrry.com/keepingitrealpod/content.blubrry.com/keepingitrealpod/e574_kir_chris_linsell.mp3,2024-07-31_item137_Chris-Linsell.mp3,False
138,A Top 1% Agent Reflects On First Half Of 2024 • Monday Market Minute ‭• Carrie McCormick,Carrie McCormick,,2024-07-29,0:28:44,https://media.blubrry.com/keepingitrealpod/content.blubrry.com/keepingitrealpod/e573_kir_carrie_mccormick.mp3,2024-07-29_item138_Carrie-McCormick.mp3,False
139,Finding Your People Using Your Instagram Content • Instagram and Prospecting • Michelle Berman-Mikel,Instagram and Prospecting,,2024-07-26,0:18:13,https://media.blubrry.com/keepingitrealpod/content.blubrry.com/keepingitrealpod/e572_kir_michelle_berman.mp3,2024-07-26_item139_Instagram-and-Prospecting.mp3,False
140,"What Does Financial Freedom Look Like For Real Estate Agents? • Grow with Me: Business, Wealth & Health • Dr. Erin Helle",Dr. Erin Helle,,2024-07-25,0:14:38,https://media.blubrry.com/keepingitrealpod/content.blubrry.com/keepingitrealpod/e571_kir_erin_helle.mp3,2024-07-25_item140_Dr.-Erin-Helle.mp3,False
141,The Art Of Luxury Properties • Howard Lorey,Howard Lorey,,2024-07-19,1:00:42,https://media.blubrry.com/keepingitrealpod/content.blubrry.com/keepingitrealpod/e571_kir_howard_lorey.mp3,2024-07-19_item141_Howard-Lorey.mp3,False
142,Always Go Back To What Works • Nikki Miller,Nikki Miller,,2024-07-17,0:58:18,https://media.blubrry.com/keepingitrealpod/content.blubrry.com/keepingitrealpod/e570_kir_nikki_miller.mp3,2024-07-17_item142_Nikki-Miller.mp3,False
143,"How To Build Strong Client Relationships • Grow with Me: Business, Wealth & Health • Dr. Erin Helle",Dr. Erin Helle,,2024-07-11,0:16:45,https://media.blubrry.com/keepingitrealpod/content.blubrry.com/keepingitrealpod/e569_kir_erin_helle.mp3,2024-07-11_item143_Dr.-Erin-Helle.mp3,False
144,What to Film on Your Summer Vacation or Down Time for Social Media • Video Boot Camp for Real Estate Professionals • Kim Rittberg,Kim Rittberg,,2024-07-10,0:13:42,https://media.blubrry.com/keepingitrealpod/content.blubrry.com/keepingitrealpod/e568_kir_kim_rittberg.mp3,2024-07-10_item144_Kim-Rittberg.mp3,False
145,Over 1 Billion In Production Per Year • Jim Remley,Jim Remley,,2024-07-09,1:01:20,https://media.blubrry.com/keepingitrealpod/content.blubrry.com/keepingitrealpod/e567_kir_jim_remley.mp3,2024-07-09_item145_Jim-Remley.mp3,False
146,"What Agents Should Understand About Financing Options • Grow with Me: Business, Wealth & Health • Dr. Erin Helle",Dr. Erin Helle,,2024-06-28,0:18:30,https://media.blubrry.com/keepingitrealpod/content.blubrry.com/keepingitrealpod/e566_kir_erin_helle.mp3,2024-06-28_item146_Dr.-Erin-Helle.mp3,False
147,Two Things Your Real Estate Videos Must Have • Video Boot Camp for Real Estate Professionals • Kim Rittberg,Kim Rittberg,,2024-06-26,0:13:14,https://media.blubrry.com/keepingitrealpod/content.blubrry.com/keepingitrealpod/e565_kir_kim_rittberg.mp3,2024-06-26_item147_Kim-Rittberg.mp3,False
148,Why Every Real Estate Transaction Should Include A Trust • Alessandro Chesser,Alessandro Chesser,,2024-06-25,0:39:20,https://media.blubrry.com/keepingitrealpod/content.blubrry.com/keepingitrealpod/e564_kir_alessandro_chesser.mp3,2024-06-25_item148_Alessandro-Chesser.mp3,False
149,Rising Star With Her Own Podcast • Kelly Dugan,Kelly Dugan,,2024-06-21,1:02:38,https://media.blubrry.com/keepingitrealpod/content.blubrry.com/keepingitrealpod/e563_kir_kelly_dugan.mp3,2024-06-21_item149_Kelly-Dugan.mp3,False
150,How To Cultivate Client Loyalty • Instagram and Prospecting • Michelle Berman Mikel,Michelle Berman Mikel,,2024-06-18,0:17:35,https://media.blubrry.com/keepingitrealpod/content.blubrry.com/keepingitrealpod/e562_kir_michelle_berman.mp3,2024-06-18_item150_Michelle-Berman-Mikel.mp3,False
151,How To Double Your Production • Ryan Rodenbeck,Ryan Rodenbeck,,2024-06-14,0:50:59,https://media.blubrry.com/keepingitrealpod/content.blubrry.com/keepingitrealpod/e561_kir_ryan_rodenbeck.mp3,2024-06-14_item151_Ryan-Rodenbeck.mp3,False
152,"Calculating Your Monthly Income Goal • Grow with Me: Business, Wealth & Health • Dr. Erin Helle",Dr. Erin Helle,,2024-06-13,0:15:57,https://media.blubrry.com/keepingitrealpod/content.blubrry.com/keepingitrealpod/e560_kir_erin_helle.mp3,2024-06-13_item152_Dr.-Erin-Helle.mp3,False
153,How To Future Proof Your Real Estate Business • Monday Market Minute ‭• Carrie McCormick,Carrie McCormick,,2024-06-03,,https://media.blubrry.com/keepingitrealpod/content.blubrry.com/keepingitrealpod/e559_kir_carrie_mccormick.mp3,2024-06-03_item153_Carrie-McCormick.mp3,False
154,How To Get Out Of Your Own Way • Chris M. King,Chris M. King,,2024-05-31,,https://media.blubrry.com/keepingitrealpod/content.blubrry.com/keepingitrealpod/e558_kir_chris_king.mp3,2024-05-31_item154_Chris-M.-King.mp3,False
155,The Future of Artificial Intelligence in Real Estate • Unpopular Real Estate Opinions • Chris Linsell,Chris Linsell,,2024-05-30,,https://media.blubrry.com/keepingitrealpod/content.blubrry.com/keepingitrealpod/e557_kir_chris_linsell.mp3,2024-05-30_item155_Chris-Linsell.mp3,False
156,"Here’s Your Next Month Of Social Media Content (On Us!) • Grow with Me: Business, Wealth & Health • Dr. Erin Helle",Dr. Erin Helle,,2024-05-23,,https://media.blubrry.com/keepingitrealpod/content.blubrry.com/keepingitrealpod/e556_kir_erin_helle.mp3,2024-05-23_item156_Dr.-Erin-Helle.mp3,False
157,How To Build A Presence Without Being Present in Instagram • Instagram and Prospecting • Michelle Berman Mikel,Michelle Berman Mikel,,2024-05-22,0:20:53,https://media.blubrry.com/keepingitrealpod/content.blubrry.com/keepingitrealpod/e555_kir_michelle_berman.mp3,2024-05-22_item157_Michelle-Berman-Mikel.mp3,False
158,Why No One Is Watching Your Videos – And How To Make Them Watch • Video Boot Camp for Real Estate Professionals • Kim Rittberg,Kim Rittberg,,2024-05-20,0:13:37,https://media.blubrry.com/keepingitrealpod/content.blubrry.com/keepingitrealpod/e544_kir_kim_rittberg.mp3,2024-05-20_item158_Kim-Rittberg.mp3,False
159,Why Real Estate Agents Need To Partner With New Western • Kurt Byers,Kurt Byers,,2024-05-13,0:42:00,https://media.blubrry.com/keepingitrealpod/content.blubrry.com/keepingitrealpod/e553_kir_kurt_byers.mp3,2024-05-13_item159_Kurt-Byers.mp3,False
160,"Building Excellence as a Realtor • Grow with Me: Business, Wealth & Health • Dr. Erin Helle",Dr. Erin Helle,,2024-05-09,0:16:33,https://media.blubrry.com/keepingitrealpod/content.blubrry.com/keepingitrealpod/e552_kir_erin_helle.mp3,2024-05-09_item160_Dr.-Erin-Helle.mp3,False
161,How To Scale Your Real Estate Business • Nadira Taylor,Nadira Taylor,,2024-05-06,0:54:14,https://media.blubrry.com/keepingitrealpod/content.blubrry.com/keepingitrealpod/e551_kir_nadira_taylor.mp3,2024-05-06_item161_Nadira-Taylor.mp3,False
162,Inventory Is About To Hit The Market & Here’s What To Do To Prepare • Unpopular Real Estate Opinions • Chris Linsell,Chris Linsell,,2024-04-30,0:37:57,https://media.blubrry.com/keepingitrealpod/content.blubrry.com/keepingitrealpod/e550_kir_chris_linsell.mp3,2024-04-30_item162_Chris-Linsell.mp3,False
163,Real Estate Agent Branding Q&A • Monday Market Minute • Carrie McCormick,Carrie McCormick,,2024-04-29,0:33:00,https://media.blubrry.com/keepingitrealpod/content.blubrry.com/keepingitrealpod/e549_kir_carrie_mccormick.mp3,2024-04-29_item163_Carrie-McCormick.mp3,False
164,"How To Communicate A Real Estate Agent’s Value Proposition • Grow with Me: Business, Wealth & Health • Dr. Erin Helle",Dr. Erin Helle,,2024-04-26,0:15:28,https://media.blubrry.com/keepingitrealpod/content.blubrry.com/keepingitrealpod/e548_kir_erin_helle.mp3,2024-04-26_item164_Dr.-Erin-Helle.mp3,False
165,Recruiting Real Estate Agents With Predictive Analytics and A/I • Sean Soderstrom,Sean Soderstrom,,2024-04-23,0:53:18,https://media.blubrry.com/keepingitrealpod/content.blubrry.com/keepingitrealpod/e547_kir_sean_soderstrom.mp3,2024-04-23_item165_Sean-Soderstrom.mp3,False
166,RealSynch – Connecting All Your Real Estate Tools • Scott Sillari,Scott Sillari,,2024-04-19,0:41:48,https://media.blubrry.com/keepingitrealpod/content.blubrry.com/keepingitrealpod/e546_kir_scott_sillari.mp3,2024-04-19_item166_Scott-Sillari.mp3,False
167,Why Real Estate Agents Need To Post Their Videos On YouTube • Gemma Leggett,Gemma Leggett,,2024-04-18,1:00:19,https://media.blubrry.com/keepingitrealpod/content.blubrry.com/keepingitrealpod/e545_kir_gemma_leggett.mp3,2024-04-18_item167_Gemma-Leggett.mp3,False
168,Why You Need to Make an About Me Video and What Should Go In It • Video Boot Camp for Real Estate Professionals • Kim Rittberg,Kim Rittberg,,2024-04-12,0:13:37,https://media.blubrry.com/keepingitrealpod/content.blubrry.com/keepingitrealpod/e544_kir_kim_rittberg.mp3,2024-04-12_item168_Kim-Rittberg.mp3,False
169,"Defining and Communicating your Value Proposition as a Real Estate Agent • Grow with Me: Business, Wealth & Health • Dr. Erin Helle",Dr. Erin Helle,,2024-04-09,0:22:38,https://media.blubrry.com/keepingitrealpod/content.blubrry.com/keepingitrealpod/e543_kir_erin_helle.mp3,2024-04-09_item169_Dr.-Erin-Helle.mp3,False
170,Seller Mistakes – The Book Every Agent NEEDS To Read • Michael B. Bell,Michael B. Bell,,2024-03-29,1:11:56,https://media.blubrry.com/keepingitrealpod/content.blubrry.com/keepingitrealpod/e542_kir_michael_bell.mp3,2024-03-29_item170_Michael-B.-Bell.mp3,False
171,Should You Speak In Your Real Estate Videos Or Stay Silent? • Video Boot Camp for Real Estate Professionals • Kim Rittberg,Kim Rittberg,,2024-03-28,0:17:42,https://media.blubrry.com/keepingitrealpod/content.blubrry.com/keepingitrealpod/e541_kir_kim_rittberg.mp3,2024-03-28_item171_Kim-Rittberg.mp3,False
172,"Time Blocking Secrets For Real Estate Agents • Grow with Me: Business, Wealth & Health • Dr. Erin Helle",Dr. Erin Helle,,2024-03-26,0:17:38,https://media.blubrry.com/keepingitrealpod/content.blubrry.com/keepingitrealpod/e540_kir_erin_helle.mp3,2024-03-26_item172_Dr.-Erin-Helle.mp3,False
173,32 Transaction In First Year During the Pandemic • Mark Plesha,Mark Plesha,,2024-03-22,0:58:55,https://media.blubrry.com/keepingitrealpod/content.blubrry.com/keepingitrealpod/e539_kir_mark_plesha.mp3,2024-03-22_item173_Mark-Plesha.mp3,False
174,What Does The NAR Settlement Mean For Real Estate Agents? • Unpopular Real Estate Opinions • Chris Linsell,Chris Linsell,,2024-03-19,1:08:16,https://media.blubrry.com/keepingitrealpod/content.blubrry.com/keepingitrealpod/e538_kir_chris_linsell.mp3,2024-03-19_item174_Chris-Linsell.mp3,False
175,Quadrupling Production In Just Two Years • Cameron Buening,Cameron Buening,,2024-03-18,0:53:34,https://media.blubrry.com/keepingitrealpod/content.blubrry.com/keepingitrealpod/e536_kir_cameron_buening.mp3,2024-03-18_item175_Cameron-Buening.mp3,False
176,"Laying The Foundation • Grow with Me: Business, Wealth & Health • Dr. Erin Helle",Dr. Erin Helle,,2024-03-15,0:15:53,https://media.blubrry.com/keepingitrealpod/content.blubrry.com/keepingitrealpod/e537_kir_erin_helle.mp3,2024-03-15_item176_Dr.-Erin-Helle.mp3,False
177,How To Get Seller Homes Ready To List • Monday Market Minute • Carrie McCormick,Carrie McCormick,,2024-03-11,0:28:10,https://media.blubrry.com/keepingitrealpod/content.blubrry.com/keepingitrealpod/e535_kir_carrie_mccormick.mp3,2024-03-11_item177_Carrie-McCormick.mp3,False
178,How Should You Approach Zero Dollar Cooperative Commissions? • Unpopular Real Estate Opinions • Chris Linsell,Chris Linsell,,2024-02-29,0:57:50,https://media.blubrry.com/keepingitrealpod/content.blubrry.com/keepingitrealpod/e534_kir_chris_linsell.mp3,2024-02-29_item178_Chris-Linsell.mp3,False
179,How A NAR 30 Under 30 Winner Generates 300 Leads Per Month At No Cost • Caira Button,Caira Button,,2024-02-27,0:51:37,https://media.blubrry.com/keepingitrealpod/content.blubrry.com/keepingitrealpod/e533_kir_caira_button.mp3,2024-02-27_item179_Caira-Button.mp3,False
180,How Real Estate Agents Can Save Tens of Thousands Every Year • Shahar Plinner,Shahar Plinner,,2024-02-26,0:18:35,https://media.blubrry.com/keepingitrealpod/content.blubrry.com/keepingitrealpod/e532_kir_shahar_plinner.mp3,2024-02-26_item180_Shahar-Plinner.mp3,False
181,Relationships Outperform Market Conditions Every Time • Brad Boeye,Brad Boeye,,2024-02-23,0:52:25,https://media.blubrry.com/keepingitrealpod/content.blubrry.com/keepingitrealpod/e531_kir_brad_boeye.mp3,2024-02-23_item181_Brad-Boeye.mp3,False
182,When You Should Dance on Social Media Video • Video Boot Camp for Real Estate Professionals • Kim Rittberg,Kim Rittberg,,2024-02-20,0:15:34,https://media.blubrry.com/keepingitrealpod/content.blubrry.com/keepingitrealpod/e530_kir_kim_rittberg.mp3,2024-02-20_item182_Kim-Rittberg.mp3,False
183,Real Estate Instagram Prospecting Top Strategies • Michelle Berman-Mikel,Michelle Berman-Mikel,,2024-02-16,1:11:09,https://media.blubrry.com/keepingitrealpod/content.blubrry.com/keepingitrealpod/e529_kir_michelle_berman.mp3,2024-02-16_item183_Michelle-Berman-Mikel.mp3,False
184,What Is Wellness Real Estate? • Sheila Alston,Sheila Alston,,2024-02-15,0:53:24,https://media.blubrry.com/keepingitrealpod/content.blubrry.com/keepingitrealpod/e528_kir_sheila_alston.mp3,2024-02-15_item184_Sheila-Alston.mp3,False
185,How A Broker Owner Tripled Her Agents’ Production • Lisa Troyano Ascolese,Lisa Troyano Ascolese,,2024-02-07,0:48:11,https://media.blubrry.com/keepingitrealpod/content.blubrry.com/keepingitrealpod/e527_kir_lisa_troyano_ascolese.mp3,2024-02-07_item185_Lisa-Troyano-Ascolese.mp3,False
186,Future Top Producer & Current Rookie Superstar • Erica Campos,Erica Campos,,2024-01-24,0:56:21,https://media.blubrry.com/keepingitrealpod/content.blubrry.com/keepingitrealpod/e526_kir_erica_campos.mp3,2024-01-24_item186_Erica-Campos.mp3,False
187,What’s Going On With Real Estate Commissions? • Unpopular Real Estate Opinions • Chris Linsell,Chris Linsell,,2024-01-19,0:37:30,https://media.blubrry.com/keepingitrealpod/content.blubrry.com/keepingitrealpod/e525_kir_chris_linsell.mp3,2024-01-19_item187_Chris-Linsell.mp3,False
188,How To Not Be “Cringey” On Video • Video Boot Camp for Real Estate Professionals • Kim Rittberg,Kim Rittberg,,2024-01-10,0:20:36,https://media.blubrry.com/keepingitrealpod/content.blubrry.com/keepingitrealpod/e524_kir_kim_rittberg.mp3,2024-01-10_item188_Kim-Rittberg.mp3,False
189,Real Estate Predictions For 2024 • Monday Market Minute • Carrie McCormick,Carrie McCormick,,2024-01-08,0:21:35,https://media.blubrry.com/keepingitrealpod/content.blubrry.com/keepingitrealpod/e523_kir_carrie_mccormick.mp3,2024-01-08_item189_Carrie-McCormick.mp3,False
190,Don’t Miss Out On These Revenue Opportunities for 2024! • Fee Gentry,Fee Gentry,,2023-12-30,0:47:08,https://media.blubrry.com/keepingitrealpod/content.blubrry.com/keepingitrealpod/e522_kir_fee_gentry.mp3,2023-12-30_item190_Fee-Gentry.mp3,False
191,AI For Real Estate Agents In 2024 • Tara Meier,Tara Meier,,2023-12-27,0:48:53,https://media.blubrry.com/keepingitrealpod/content.blubrry.com/keepingitrealpod/e521_kir_tara_meier.mp3,2023-12-27_item191_Tara-Meier.mp3,False
192,Why Real Estate Agents Need Mailers In 2024 • Janine Sasso,Janine Sasso,,2023-12-21,1:07:36,https://media.blubrry.com/keepingitrealpod/content.blubrry.com/keepingitrealpod/e520_kir_janine_sasso.mp3,2023-12-21_item192_Janine-Sasso.mp3,False
193,From Consulting To N.A.R. 30 Under 30 • Kelly Carlson,Kelly Carlson,,2023-12-20,0:52:13,https://media.blubrry.com/keepingitrealpod/content.blubrry.com/keepingitrealpod/e519_kir_kelly_carlson.mp3,2023-12-20_item193_Kelly-Carlson.mp3,False
194,3 Easy And Non-Lame Video Ideas To Attract Clients • Video Boot Camp for Real Estate Professionals • Kim Rittberg,Kim Rittberg,,2023-12-19,0:19:00,https://media.blubrry.com/keepingitrealpod/content.blubrry.com/keepingitrealpod/e518_kir_kim_rittberg.mp3,2023-12-19_item194_Kim-Rittberg.mp3,False
195,How To Do Both Residential & Commercial Business in 2024 • Pieter Hanson,Pieter Hanson,,2023-12-14,0:49:56,https://media.blubrry.com/keepingitrealpod/content.blubrry.com/keepingitrealpod/e517_kir_pieter_hanson.mp3,2023-12-14_item195_Pieter-Hanson.mp3,False
196,More Seller Checklist Mastery With Ali Garced • Breaking Down Ali’s Systems • Ali Garced,Ali Garced,,2023-12-13,1:07:11,https://media.blubrry.com/keepingitrealpod/content.blubrry.com/keepingitrealpod/e516_kir_ali_garced.mp3,2023-12-13_item196_Ali-Garced.mp3,False
197,New Changes To Lending Limits Agents Need To Know About! • Learning With A Lender • Joel Schaub,Joel Schaub,,2023-12-08,0:31:40,https://media.blubrry.com/keepingitrealpod/content.blubrry.com/keepingitrealpod/e515_kir_joel_schaub.mp3,2023-12-08_item197_Joel-Schaub.mp3,False
198,Is A/I Coming For Real Estate Agents? • Unpopular Real Estate Opinions • Chris Linsell,Chris Linsell,,2023-12-07,0:51:01,https://media.blubrry.com/keepingitrealpod/content.blubrry.com/keepingitrealpod/e514_kir_chris_linsell.mp3,2023-12-07_item198_Chris-Linsell.mp3,False
199,Why Your Reputation Is Your Greatest Resource In Real Estate • Jerry Wolking,Jerry Wolking,,2023-11-29,0:51:01,https://media.blubrry.com/keepingitrealpod/content.blubrry.com/keepingitrealpod/e513_kir_jerry_wolking.mp3,2023-11-29_item199_Jerry-Wolking.mp3,False
200,How To Make Video Content When You’re Alone • Video Boot Camp for Real Estate Professionals • Kim Rittberg,Kim Rittberg,,2023-11-27,0:17:22,https://media.blubrry.com/keepingitrealpod/content.blubrry.com/keepingitrealpod/e512_kir_kim_rittberg.mp3,2023-11-27_item200_Kim-Rittberg.mp3,False
201,5.5 Billion In Sales Through Authenticity • Louise Phillips Forbes,Louise Phillips Forbes,,2023-11-22,0:49:02,https://media.blubrry.com/keepingitrealpod/content.blubrry.com/keepingitrealpod/e511_kir_louise_phillips_forbes.mp3,2023-11-22_item201_Louise-Phillips-Forbes.mp3,False
202,How To Upgrade Your Real Estate Website • Malte Kramer,Malte Kramer,,2023-11-21,0:54:07,https://media.blubrry.com/keepingitrealpod/content.blubrry.com/keepingitrealpod/e510_kir_malte_kramer.mp3,2023-11-21_item202_Malte-Kramer.mp3,False
203,Step By Step Seller Checklist For Real Estate Agents • Breaking Down Ali’s Systems • Ali Garced,Ali Garced,,2023-11-17,0:58:30,https://media.blubrry.com/keepingitrealpod/content.blubrry.com/keepingitrealpod/e509_kir_ali_garced.mp3,2023-11-17_item203_Ali-Garced.mp3,False
204,What To Do When Your Real Estate Client Has a Tax Problem • Hubert Johnson,Hubert Johnson,,2023-11-16,0:41:01,https://media.blubrry.com/keepingitrealpod/content.blubrry.com/keepingitrealpod/e508_kir_hubert_johnson.mp3,2023-11-16_item204_Hubert-Johnson.mp3,False
205,What Residential Agents Should Know About Commercial • Matt McLennan,Matt McLennan,,2023-11-10,0:57:19,https://media.blubrry.com/keepingitrealpod/content.blubrry.com/keepingitrealpod/e507_kir_matt_mclennan.mp3,2023-11-10_item205_Matt-McLennan.mp3,False
206,How To Keep Producing In A Down Market • Sara DeWulf,Sara DeWulf,,2023-10-31,0:46:03,https://media.blubrry.com/keepingitrealpod/content.blubrry.com/keepingitrealpod/e506_kir_sarah_dewulf.mp3,2023-10-31_item206_Sara-DeWulf.mp3,False
207,Why Buyers Should Purchase During High Interest Rates • Learning With A Lender • Joel Schaub,Joel Schaub,,2023-10-30,0:34:50,https://media.blubrry.com/keepingitrealpod/content.blubrry.com/keepingitrealpod/e505_kir_joel_schaub.mp3,2023-10-30_item207_Joel-Schaub.mp3,False
208,The 3 Lead Gen Sources Every Real Estate Agent Needs • Jessica Burton,Jessica Burton,,2023-10-27,1:04:17,https://media.blubrry.com/keepingitrealpod/content.blubrry.com/keepingitrealpod/e504_kir_jessica_burton.mp3,2023-10-27_item208_Jessica-Burton.mp3,False
209,How Top Real Estate Agents Negotiate • Monday Market Minute • Carrie McCormick,Carrie McCormick,,2023-10-23,0:20:36,https://media.blubrry.com/keepingitrealpod/content.blubrry.com/keepingitrealpod/e503_kir_carrie_mccormick.mp3,2023-10-23_item209_Carrie-McCormick.mp3,False
210,Step By Step Buyer Checklist For Real Estate Agents • Breaking Down Ali’s Systems • Ali Garced,Ali Garced,,2023-10-19,0:40:55,https://media.blubrry.com/keepingitrealpod/content.blubrry.com/keepingitrealpod/e502_kir_ali_garced.mp3,2023-10-19_item210_Ali-Garced.mp3,False
211,How To Get Over 100 Real Estate Referrals On Social Media • Rachel Adams Lee,Rachel Adams Lee,,2023-10-18,0:51:51,https://media.blubrry.com/keepingitrealpod/content.blubrry.com/keepingitrealpod/e501_kir_rachel_adams_lee.mp3,2023-10-18_item211_Rachel-Adams-Lee.mp3,False
212,3 Ways to Get Yourself on Camera Today • Video Boot Camp for Real Estate Professionals • Kim Rittberg,Kim Rittberg,,2023-10-12,0:19:56,https://media.blubrry.com/keepingitrealpod/content.blubrry.com/keepingitrealpod/e500_kir_kim_rittberg.mp3,2023-10-12_item212_Kim-Rittberg.mp3,False
213,Creative Ways To Become Invaluable To Your Market • Alex Wolking,Alex Wolking,,2023-10-11,0:51:22,https://media.blubrry.com/keepingitrealpod/content.blubrry.com/keepingitrealpod/e499_kir_alex_wolking.mp3,2023-10-11_item213_Alex-Wolking.mp3,False
214,Strategies From A Billion Dollar Producer • Scott Harris,Scott Harris,,2023-09-29,1:05:17,https://media.blubrry.com/keepingitrealpod/content.blubrry.com/keepingitrealpod/e498_kir_scott_harris.mp3,2023-09-29_item214_Scott-Harris.mp3,False
215,Tips From A Top Real Estate Coach • Debbi DiMaggio,Debbi DiMaggio,,2023-09-28,0:49:23,https://media.blubrry.com/keepingitrealpod/content.blubrry.com/keepingitrealpod/e497_kir_debbi_dimaggio.mp3,2023-09-28_item215_Debbi-DiMaggio.mp3,False
216,Step By Step Buyer Checklist For Real Estate Agents • Breaking Down Ali’s Systems • Ali Garced,Ali Garced,,2023-09-27,0:47:36,https://media.blubrry.com/keepingitrealpod/content.blubrry.com/keepingitrealpod/e496_kir_ali_garced.mp3,2023-09-27_item216_Ali-Garced.mp3,False
217,5 Videos To Make This Week To Grab New Clients • Video Boot Camp for Real Estate Professionals • Kim Rittberg,Kim Rittberg,,2023-09-26,0:15:25,https://media.blubrry.com/keepingitrealpod/content.blubrry.com/keepingitrealpod/e495_kir_kim_rittberg.mp3,2023-09-26_item217_Kim-Rittberg.mp3,False
218,The Importance of Mentorship • Caroline Hobbs,Caroline Hobbs,,2023-09-21,0:49:53,https://media.blubrry.com/keepingitrealpod/content.blubrry.com/keepingitrealpod/e494_kir_caroline_hobbs.mp3,2023-09-21_item218_Caroline-Hobbs.mp3,False
219,The Very Best Idea For Real Estate Newsletters • Nicole Hajdu,Nicole Hajdu,,2023-09-20,,https://media.blubrry.com/keepingitrealpod/content.blubrry.com/keepingitrealpod/e492_kir_nicole_hajdu.mp3,2023-09-20_item219_Nicole-Hajdu.mp3,False
220,The 3 Tools You Need To Make Amazing Real Estate Videos • Video Boot Camp for Real Estate Professionals • Kim Rittberg,Kim Rittberg,,2023-09-08,0:14:53,https://media.blubrry.com/keepingitrealpod/content.blubrry.com/keepingitrealpod/e492_kir_kim_rittberg.mp3,2023-09-08_item220_Kim-Rittberg.mp3,False
221,The Importance Of Confidence & How To Cultivate It •Susan Santoro,Susan Santoro,,2023-09-07,1:03:00,https://media.blubrry.com/keepingitrealpod/content.blubrry.com/keepingitrealpod/e491_kir_susan_santoro.mp3,2023-09-07_item221_Susan-Santoro.mp3,False
222,How To Level Up Your Communication Skills • Cathy LaMon,Cathy LaMon,,2023-08-30,0:54:24,https://media.blubrry.com/keepingitrealpod/content.blubrry.com/keepingitrealpod/e490_kir_cathy_lamon.mp3,2023-08-30_item222_Cathy-LaMon.mp3,False
223,Step By Step Buyer Checklist For Real Estate Agents • Breaking Down Ali’s Systems • Ali Garced,Ali Garced,,2023-08-29,0:29:27,https://media.blubrry.com/keepingitrealpod/content.blubrry.com/keepingitrealpod/e489_kir_ali_garced.mp3,2023-08-29_item223_Ali-Garced.mp3,False
224,Why You Should First Work On Consistency • Learning With A Lender • Joel Schaub,Joel Schaub,,2023-08-28,0:39:55,https://media.blubrry.com/keepingitrealpod/content.blubrry.com/keepingitrealpod/e488_kir_joel_schaub.mp3,2023-08-28_item224_Joel-Schaub.mp3,False
225,What Real Estate Agents Need To Understand About Property Foundation • Bob Brown,Bob Brown,,2023-08-25,0:48:20,https://media.blubrry.com/keepingitrealpod/content.blubrry.com/keepingitrealpod/e487_kir_bob_brown.mp3,2023-08-25_item225_Bob-Brown.mp3,False
226,How To Become Top Of Heart With Clients • Grant Muller,Grant Muller,,2023-08-24,0:56:13,https://media.blubrry.com/keepingitrealpod/content.blubrry.com/keepingitrealpod/e486_kir_grant_muller.mp3,2023-08-24_item226_Grant-Muller.mp3,False
227,Structure & Discipline From A Veteran Top Producer • Shelby Johnson,Shelby Johnson,,2023-08-23,0:48:42,https://media.blubrry.com/keepingitrealpod/content.blubrry.com/keepingitrealpod/e485_kir_shelby_johnson.mp3,2023-08-23_item227_Shelby-Johnson.mp3,False
228,The Wisdom Of A Third Generation Real Estate Agent • Amanda McMillan,Amanda McMillan,,2023-08-14,0:53:25,https://media.blubrry.com/keepingitrealpod/content.blubrry.com/keepingitrealpod/e484_kir_amanda_mcmillan.mp3,2023-08-14_item228_Amanda-McMillan.mp3,False
229,From Professional Cyclist To Top 1% Real Estate Agent • Steven Cozza,Steven Cozza,,2023-08-08,1:01:18,https://media.blubrry.com/keepingitrealpod/content.blubrry.com/keepingitrealpod/e483_kir_steven_cozza.mp3,2023-08-08_item229_Steven-Cozza.mp3,False
230,How To Connect With Real Estate Clients At A Deep Level • Josh Myler,Josh Myler,,2023-07-31,0:53:43,https://media.blubrry.com/keepingitrealpod/content.blubrry.com/keepingitrealpod/e482_kir_josh_myler.mp3,2023-07-31_item230_Josh-Myler.mp3,False
231,How To Talk To Your Real Estate Clients About Mortgage Rates • Learning With A Lender • Joel Schaub,Joel Schaub,,2023-07-29,0:37:40,https://media.blubrry.com/keepingitrealpod/content.blubrry.com/keepingitrealpod/e481_kir_joel_schaub.mp3,2023-07-29_item231_Joel-Schaub.mp3,False
232,Why You Need To Get Trained In Negotiation Strategy • Eirik Gislason,Eirik Gislason,,2023-07-28,1:02:37,https://media.blubrry.com/keepingitrealpod/content.blubrry.com/keepingitrealpod/e480_kir_eirik_gislason.mp3,2023-07-28_item232_Eirik-Gislason.mp3,False
233,How To Connect At A Deep Level With Real Estate Clients • Diana Sutherlin,Diana Sutherlin,,2023-07-27,1:16:11,https://media.blubrry.com/keepingitrealpod/content.blubrry.com/keepingitrealpod/e479_kir_diana_sutherlin.mp3,2023-07-27_item233_Diana-Sutherlin.mp3,False
234,Why 36 Is The Magic Number Of Touches • Josh Anderson,Josh Anderson,,2023-07-25,0:55:01,https://media.blubrry.com/keepingitrealpod/content.blubrry.com/keepingitrealpod/e478_kir_josh_anderson.mp3,2023-07-25_item234_Josh-Anderson.mp3,False
235,Tips On Referrals From An 150m Real Estate Producer • Monday Market Minute • Carrie McCormick,Carrie McCormick,,2023-07-24,0:28:55,https://media.blubrry.com/keepingitrealpod/content.blubrry.com/keepingitrealpod/e477_kir_carrie_mccormick.mp3,2023-07-24_item235_Carrie-McCormick.mp3,False
236,From Top Fashion To Top Real Estate • Julia Boland,Julia Boland,,2023-07-21,0:55:40,https://media.blubrry.com/keepingitrealpod/content.blubrry.com/keepingitrealpod/e476_kir_julia_boland.mp3,2023-07-21_item236_Julia-Boland.mp3,False
237,How Ali The Agent Closed 55 Sales In Her First Two Years • Ali Garced,Ali Garced,,2023-07-19,0:58:04,https://media.blubrry.com/keepingitrealpod/content.blubrry.com/keepingitrealpod/e475_kir_ali_garced.mp3,2023-07-19_item237_Ali-Garced.mp3,False
238,How To Kill Your Villains & Stop Hiding From The Camera • Video Boot Camp for Real Estate Professionals • Kim Rittberg,Kim Rittberg,,2023-07-10,0:21:27,https://media.blubrry.com/keepingitrealpod/content.blubrry.com/keepingitrealpod/e474_kir_kim_rittberg.mp3,2023-07-10_item238_Kim-Rittberg.mp3,False
239,Becoming A Top Producer Twice (In Two Different Markets) • Sarah Stone,Sarah Stone,,2023-06-30,1:05:23,https://media.blubrry.com/keepingitrealpod/content.blubrry.com/keepingitrealpod/e473_kir_sarah_stone.mp3,2023-06-30_item239_Sarah-Stone.mp3,False
240,Use By-Downs To Help Buyers With Their Home Lending Rate! • Learning With A Lender • Joel Schaub,Joel Schaub,,2023-06-28,0:32:26,https://media.blubrry.com/keepingitrealpod/content.blubrry.com/keepingitrealpod/e472_kir_learning_with_a_lender.mp3,2023-06-28_item240_Joel-Schaub.mp3,False
241,How To Make People Actually Watch Your Real Estate Videos  • Video Boot Camp for Real Estate Professionals • Kim Rittberg,Kim Rittberg,,2023-06-26,0:22:12,https://media.blubrry.com/keepingitrealpod/content.blubrry.com/keepingitrealpod/e471_kir_kim_rittberg.mp3,2023-06-26_item241_Kim-Rittberg.mp3,False
242,300m+ a Year – Top RE/MAX Agent In The World • Jordan Cohen,Jordan Cohen,,2023-06-23,0:48:06,https://media.blubrry.com/keepingitrealpod/content.blubrry.com/keepingitrealpod/e470_kir_jordan_cohen.mp3,2023-06-23_item242_Jordan-Cohen.mp3,False
243,How To Attract Hispanic Real Estate Clients • Marisol Jusino,Marisol Jusino,,2023-06-16,0:53:48,https://media.blubrry.com/keepingitrealpod/content.blubrry.com/keepingitrealpod/e469_kir_marisol_jusino.mp3,2023-06-16_item243_Marisol-Jusino.mp3,False
244,Number One Real Estate Team In Ohio • Ryan Young,Ryan Young,,2023-06-13,0:49:11,https://media.blubrry.com/keepingitrealpod/content.blubrry.com/keepingitrealpod/e468_kir_ryan_young.mp3,2023-06-13_item244_Ryan-Young.mp3,False
245,Photo Marketing Strategies For Your Listings • Devon Higgins,Devon Higgins,,2023-06-12,0:42:37,https://media.blubrry.com/keepingitrealpod/content.blubrry.com/keepingitrealpod/e467_kir_devon_higgins.mp3,2023-06-12_item245_Devon-Higgins.mp3,False
246,What Real Estate Agents Should Be Doing Right Now To Manage Their Money Effectively • Quinn Driscoll,Quinn Driscoll,,2023-05-31,0:51:57,https://media.blubrry.com/keepingitrealpod/content.blubrry.com/keepingitrealpod/e466_kir_quinn_driscoll.mp3,2023-05-31_item246_Quinn-Driscoll.mp3,False
247,How Real Estate Agents Should Talk About Lending Rates This Summer • Learning With A Lender • Joel Schaub,Joel Schaub,,2023-05-30,0:30:20,https://media.blubrry.com/keepingitrealpod/content.blubrry.com/keepingitrealpod/e465_kir_joel_schaub.mp3,2023-05-30_item247_Joel-Schaub.mp3,False
248,Why Real Estate Agents Need To Ask For Reviews • Monday Market Minute • Carrie McCormick,Carrie McCormick,,2023-05-29,0:24:58,https://media.blubrry.com/keepingitrealpod/content.blubrry.com/keepingitrealpod/e464_kir_carrie_mccormick.mp3,2023-05-29_item248_Carrie-McCormick.mp3,False
249,How To Stop Procrastinating Creating Videos As A Real Estate Agent • Video Boot Camp for Real Estate Professionals • Kim Rittberg,Kim Rittberg,,2023-05-22,0:19:29,https://media.blubrry.com/keepingitrealpod/content.blubrry.com/keepingitrealpod/e463_kir_kim_rittberg.mp3,2023-05-22_item249_Kim-Rittberg.mp3,False
250,40 Million Closed In His First 18 Months! • Tony Clark,Tony Clark,,2023-05-19,0:51:04,https://media.blubrry.com/keepingitrealpod/content.blubrry.com/keepingitrealpod/e462_kir_tony_clark.mp3,2023-05-19_item250_Tony-Clark.mp3,False
251,Why Real Estate Agent Success Is Dependent On Relationships & Connection • Kevin Van Eck,Kevin Van Eck,,2023-05-12,0:55:27,https://media.blubrry.com/keepingitrealpod/content.blubrry.com/keepingitrealpod/e461_kir_kevin_van_eck.mp3,2023-05-12_item251_Kevin-Van-Eck.mp3,False
252,Is 100% Commission The Future of Real Estate Brokerage? • Sam Sawyer,Sam Sawyer,,2023-05-11,0:53:28,https://media.blubrry.com/keepingitrealpod/content.blubrry.com/keepingitrealpod/e460_kir_sam_sawyer.mp3,2023-05-11_item252_Sam-Sawyer.mp3,False
253,Attract Clients With The ‘3 E’S’ Of Great Video • Video Boot Camp for Real Estate Professionals • Kim Rittberg,Kim Rittberg,,2023-05-04,0:17:54,https://media.blubrry.com/keepingitrealpod/content.blubrry.com/keepingitrealpod/e459_kir_kim_rittberg.mp3,2023-05-04_item253_Kim-Rittberg.mp3,False
254,What The Military Taught Me About Success • Sergio Nazzaro,Sergio Nazzaro,,2023-04-29,0:57:42,https://media.blubrry.com/keepingitrealpod/content.blubrry.com/keepingitrealpod/e458_kir_sergio_nazzaro.mp3,2023-04-29_item254_Sergio-Nazzaro.mp3,False
255,How Do You Sell Ultra High Net Worth Listings? • George Doulamis,George Doulamis,,2023-04-28,0:50:25,https://media.blubrry.com/keepingitrealpod/content.blubrry.com/keepingitrealpod/e457_kir_george_doulamis.mp3,2023-04-28_item255_George-Doulamis.mp3,False
256,What Do Real Estate Agents Need To Understand About Rates In 2023? • Learning With A Lender • Joel Schaub,Joel Schaub,,2023-04-27,0:38:16,https://media.blubrry.com/keepingitrealpod/content.blubrry.com/keepingitrealpod/e456_kir_joel_schaub.mp3,2023-04-27_item256_Joel-Schaub.mp3,False
257,Why Love Is a Real Estate Agent’s Best Tool • Amy Corr,Amy Corr,,2023-04-20,1:00:33,https://media.blubrry.com/keepingitrealpod/content.blubrry.com/keepingitrealpod/e455_kir_amy_corr.mp3,2023-04-20_item257_Amy-Corr.mp3,False
258,Why Holistic Real Estate Agents Are Crushing It In 2023 • Trish Arcaro,Trish Arcaro,,2023-04-19,0:57:30,https://media.blubrry.com/keepingitrealpod/content.blubrry.com/keepingitrealpod/e454_kir_trish_arcaro.mp3,2023-04-19_item258_Trish-Arcaro.mp3,False
259,Luxury Real Estate – What Clients Need & Expect From Their Agent • Casey Napolitano,Casey Napolitano,,2023-04-17,0:56:10,https://media.blubrry.com/keepingitrealpod/content.blubrry.com/keepingitrealpod/e453_kir_casey_napolitano.mp3,2023-04-17_item259_Casey-Napolitano.mp3,False
260,How To Go From Camera Shy To Camera Shine To Get Clients • Video Boot Camp for Real Estate Professionals • Kim Rittberg,Kim Rittberg,,2023-04-07,0:20:38,https://media.blubrry.com/keepingitrealpod/content.blubrry.com/keepingitrealpod/e452_kir_kim_rittberg.mp3,2023-04-07_item260_Kim-Rittberg.mp3,False
261,How Does The Current Banking Crisis Affect The Real Estate Market? • Monday Market Minute • Carrie McCormick,Carrie McCormick,,2023-04-03,0:34:49,https://media.blubrry.com/keepingitrealpod/content.blubrry.com/keepingitrealpod/e451_kir_carrie_mccormick.mp3,2023-04-03_item261_Carrie-McCormick.mp3,False
262,What Is Your Social Media Effectiveness Score? • Russ Cofano,Russ Cofano,,2023-03-31,1:01:31,https://media.blubrry.com/keepingitrealpod/content.blubrry.com/keepingitrealpod/e450_kir_russ_cofano.mp3,2023-03-31_item262_Russ-Cofano.mp3,False
263,Branding Advice From A Top Beverly Hills Real Estate Agent • Ivan Estrada,Ivan Estrada,,2023-03-30,0:56:42,https://media.blubrry.com/keepingitrealpod/content.blubrry.com/keepingitrealpod/e449_kir_ivan_estrada.mp3,2023-03-30_item263_Ivan-Estrada.mp3,False
264,How A Top Real Estate Agent Finds Work-Life Balance • Cyrus Seraj,Cyrus Seraj,,2023-03-29,0:59:52,https://media.blubrry.com/keepingitrealpod/content.blubrry.com/keepingitrealpod/e448_kir_cyrus_seraj.mp3,2023-03-29_item264_Cyrus-Seraj.mp3,False
265,How Authentic Branding Resulted In 300k TikTok Followers • Randy Baruh,Randy Baruh,,2023-03-28,1:04:27,https://media.blubrry.com/keepingitrealpod/content.blubrry.com/keepingitrealpod/e447_kir_randy_baruh.mp3,2023-03-28_item265_Randy-Baruh.mp3,False
266,5 Videos Real Estate Agents Can Make Today To Grow Their Business • Video Boot Camp for Real Estate Professionals • Kim Rittberg,Kim Rittberg,,2023-03-27,0:24:22,https://media.blubrry.com/keepingitrealpod/content.blubrry.com/keepingitrealpod/e446_kir_kim_rittberg.mp3,2023-03-27_item266_Kim-Rittberg.mp3,False
267,What Real Estate Agents Need To Know About Recent Bank Failures • Learning With A Lender • Joel Schaub,Joel Schaub,,2023-03-23,0:27:21,https://media.blubrry.com/keepingitrealpod/content.blubrry.com/keepingitrealpod/e445_kir_learning_with_a_lender.mp3,2023-03-23_item267_Joel-Schaub.mp3,False
268,Digital and Physical Marketing Mastery For Real Estate Agents • Jesse Stein,Jesse Stein,,2023-03-20,0:50:47,https://media.blubrry.com/keepingitrealpod/content.blubrry.com/keepingitrealpod/e444_kir_jesse_stein.mp3,2023-03-20_item268_Jesse-Stein.mp3,False
269,Why You Should Create A VIP Club For Your Real Estate Clients • Amy Stockberger,Amy Stockberger,,2023-03-15,1:03:27,https://media.blubrry.com/keepingitrealpod/content.blubrry.com/keepingitrealpod/e443_kir_amy_stockberger.mp3,2023-03-15_item269_Amy-Stockberger.mp3,False
270,Video Production Secrets of Top 1% Real Estate Agents • Nick Niehaus,Nick Niehaus,,2023-02-28,0:52:51,https://media.blubrry.com/keepingitrealpod/content.blubrry.com/keepingitrealpod/e442_kir_nick_niehaus.mp3,2023-02-28_item270_Nick-Niehaus.mp3,False
271,Why Radical Honesty Is The Key To More Clients • Pamela Marcus,Pamela Marcus,,2023-02-27,0:58:43,https://media.blubrry.com/keepingitrealpod/content.blubrry.com/keepingitrealpod/e441_kir_pamela_marcus.mp3,2023-02-27_item271_Pamela-Marcus.mp3,False
272,How To Improve Your Branding & Marketing in 2023 • Kim Rittberg,Kim Rittberg,,2023-02-23,1:12:12,https://media.blubrry.com/keepingitrealpod/content.blubrry.com/keepingitrealpod/e440_kir_kim_rittberg.mp3,2023-02-23_item272_Kim-Rittberg.mp3,False
273,How To Break Into Luxury Home Sales • Shayla Twit,Shayla Twit,,2023-02-22,0:56:04,https://media.blubrry.com/keepingitrealpod/content.blubrry.com/keepingitrealpod/e439_kir_shayla_twit.mp3,2023-02-22_item273_Shayla-Twit.mp3,False
274,Top Real Estate Agent At 26 Years Old • Andres Bustamante,Andres Bustamante,,2023-02-21,0:54:56,https://media.blubrry.com/keepingitrealpod/content.blubrry.com/keepingitrealpod/e438_kir_andres_bustamante.mp3,2023-02-21_item274_Andres-Bustamante.mp3,False
275,Why You Should Become A Lifestyle Consultant • Monday Market Minute • Carrie McCormick,Carrie McCormick,,2023-02-20,0:34:41,https://media.blubrry.com/keepingitrealpod/content.blubrry.com/keepingitrealpod/e437_kir_carrie_mccormick.mp3,2023-02-20_item275_Carrie-McCormick.mp3,False
276,How You Do Anything Is How You Do Everything • Ivan Chorney,Ivan Chorney,,2023-02-13,0:55:43,https://media.blubrry.com/keepingitrealpod/content.blubrry.com/keepingitrealpod/e436_kir_ivan_chorney.mp3,2023-02-13_item276_Ivan-Chorney.mp3,False
277,Is Your Mindset Holding You Back In Real Estate? • Brittany Ranew,Brittany Ranew,,2023-02-09,0:56:58,https://media.blubrry.com/keepingitrealpod/content.blubrry.com/keepingitrealpod/e435_kir_brittany_ranew.mp3,2023-02-09_item277_Brittany-Ranew.mp3,False
278,"Communication, Cooperation, & Empathy • Matt Kirkkegaard",Matt Kirkkegaard,,2023-02-01,0:51:50,https://media.blubrry.com/keepingitrealpod/content.blubrry.com/keepingitrealpod/e434_kir_matt_kirkkegaard.mp3,2023-02-01_item278_Matt-Kirkkegaard.mp3,False
279,You Need To Know About 2-1 Buydowns For Your Buyers • Learning With A Lender • Joel Schaub,Joel Schaub,,2023-01-31,0:38:43,https://media.blubrry.com/keepingitrealpod/content.blubrry.com/keepingitrealpod/e433_kir_learning_with_a_lender.mp3,2023-01-31_item279_Joel-Schaub.mp3,False
280,How Lead Generation Has Changed For Real Estate Agents in 2023 • Close-ing Time • Chris Linsell,Chris Linsell,,2023-01-26,0:28:54,https://media.blubrry.com/keepingitrealpod/content.blubrry.com/keepingitrealpod/e432_kir_closeing_time.mp3,2023-01-26_item280_Chris-Linsell.mp3,False
281,A.B.C. = Always Be Connecting • Coaching Moments • Ryan D’Aprile,Coaching Moments,,2023-01-24,0:46:10,https://media.blubrry.com/keepingitrealpod/content.blubrry.com/keepingitrealpod/e431_kir_coaching_moments.mp3,2023-01-24_item281_Coaching-Moments.mp3,False
282,Client Attraction Strategies From A Top 1% NYC Agent • Leslie Singer,Leslie Singer,,2023-01-20,0:57:16,https://media.blubrry.com/keepingitrealpod/content.blubrry.com/keepingitrealpod/e430_kir_leslie_singer.mp3,2023-01-20_item282_Leslie-Singer.mp3,False
283,What Does A Top Real Estate Attorney See Opportunity in 2023? • Donald Hyun Kiolbassa,Donald Hyun Kiolbassa,,2023-01-17,0:58:01,https://media.blubrry.com/keepingitrealpod/content.blubrry.com/keepingitrealpod/e429_kir_donald_hyun_kiolbassa.mp3,2023-01-17_item283_Donald-Hyun-Kiolbassa.mp3,False
284,What a Top Real Estate Coach Is Telling Agents To Do In 2023 • Steve Shull,Steve Shull,,2023-01-12,1:23:48,https://media.blubrry.com/keepingitrealpod/content.blubrry.com/keepingitrealpod/e428_kir_steve_shull.mp3,2023-01-12_item284_Steve-Shull.mp3,False
285,Authenticity & Kindness = More Clients • Monday Market Minute • Carrie McCormick,Carrie McCormick,,2023-01-09,0:21:32,https://media.blubrry.com/keepingitrealpod/content.blubrry.com/keepingitrealpod/e427_kir_monday_market_minute.mp3,2023-01-09_item285_Carrie-McCormick.mp3,False
286,Why You Should Work With Rentals In 2023 • Alexander Concepcion,Alexander Concepcion,,2022-12-29,1:03:49,https://media.blubrry.com/keepingitrealpod/content.blubrry.com/keepingitrealpod/e426_kir_alexander_concepcion.mp3,2022-12-29_item286_Alexander-Concepcion.mp3,False
287,164 Sales In 12 Months ALL From YouTube! • Levi Lascsak,Levi Lascsak,,2022-12-28,1:08:37,https://media.blubrry.com/keepingitrealpod/content.blubrry.com/keepingitrealpod/e425_kir_levi_lascsak.mp3,2022-12-28_item287_Levi-Lascsak.mp3,False
288,Why Honesty Is Your Most Valuable Tool! • Vickey Barron,Vickey Barron,,2022-12-23,1:13:09,https://media.blubrry.com/keepingitrealpod/content.blubrry.com/keepingitrealpod/e424_kir_vickey_barron.mp3,2022-12-23_item288_Vickey-Barron.mp3,False
289,What To Do RIGHT NOW For A Great 2023 • Close-ing Time • Chris Linsell,Chris Linsell,,2022-12-22,0:41:12,https://media.blubrry.com/keepingitrealpod/content.blubrry.com/keepingitrealpod/e423_kir_chris_linsell.mp3,2022-12-22_item289_Chris-Linsell.mp3,False
290,Sharing Your Why With Real Estate Clients • Kelly Parker,Kelly Parker,,2022-12-20,0:57:36,https://media.blubrry.com/keepingitrealpod/content.blubrry.com/keepingitrealpod/e422_kir_kelly_parker.mp3,2022-12-20_item290_Kelly-Parker.mp3,False
291,1 Billion In Production In 10 Years • Terrence Murphy,Terrence Murphy,,2022-12-19,1:05:45,https://media.blubrry.com/keepingitrealpod/content.blubrry.com/keepingitrealpod/e421_kir_terrence_murphy.mp3,2022-12-19_item291_Terrence-Murphy.mp3,False
292,How To Deepen Relationships With Your Sphere • Skye Michiels,Skye Michiels,,2022-12-15,0:53:20,https://media.blubrry.com/keepingitrealpod/content.blubrry.com/keepingitrealpod/e420_kir_skye_michiels.mp3,2022-12-15_item292_Skye-Michiels.mp3,False
293,The Path To Luxury Real Estate Sales • Paul Salazar,Paul Salazar,,2022-12-13,1:08:08,https://media.blubrry.com/keepingitrealpod/content.blubrry.com/keepingitrealpod/e419_kir_paul_salazar.mp3,2022-12-13_item293_Paul-Salazar.mp3,False
294,How To Get Developers To Choose YOU For Their Next Real Estate Project • Lindsay Barton Barrett,Lindsay Barton Barrett,,2022-12-01,1:02:16,https://media.blubrry.com/keepingitrealpod/content.blubrry.com/keepingitrealpod/e418_kir_lindsay_barton_barrett.mp3,2022-12-01_item294_Lindsay-Barton-Barrett.mp3,False
295,How To Speak With First-Time Home Buyers In Today’s Market • Learning With A Lender • Joel Schaub,Joel Schaub,,2022-11-29,0:34:24,https://media.blubrry.com/keepingitrealpod/content.blubrry.com/keepingitrealpod/e417_kir_learning_with_a_lender.mp3,2022-11-29_item295_Joel-Schaub.mp3,False
296,Don’t Make These Marketing Mistakes! • Close-ing Time • Chris Linsell,Chris Linsell,,2022-11-22,0:35:11,https://media.blubrry.com/keepingitrealpod/content.blubrry.com/keepingitrealpod/e416_kir_closeing_time.mp3,2022-11-22_item296_Chris-Linsell.mp3,False
297,A 170m Producer’s Predictions For 2023 • Monday Market Minute • Carrie McCormick,Carrie McCormick,,2022-11-21,0:25:29,https://media.blubrry.com/keepingitrealpod/content.blubrry.com/keepingitrealpod/e415_kir_monday_market_minute.mp3,2022-11-21_item297_Carrie-McCormick.mp3,False
298,The Importance Of Systems & Processes • Jen McConnell,Jen McConnell,,2022-11-18,0:50:14,https://media.blubrry.com/keepingitrealpod/content.blubrry.com/keepingitrealpod/e414_kir_jen_mcconnell.mp3,2022-11-18_item298_Jen-McConnell.mp3,False
299,Mindset Strategies Of Top Real Estate Agents • David Neagle,David Neagle,,2022-11-16,1:03:02,https://media.blubrry.com/keepingitrealpod/content.blubrry.com/keepingitrealpod/e413_kir_david_neagle.mp3,2022-11-16_item299_David-Neagle.mp3,False
300,From Pro-Skier to Top 1% Real Estate Agent • Leah Canfield,Leah Canfield,,2022-11-15,1:09:52,https://media.blubrry.com/keepingitrealpod/content.blubrry.com/keepingitrealpod/e412_kir_leah_canfield.mp3,2022-11-15_item300_Leah-Canfield.mp3,False
